lat,lon,timezone,timezone_offset,dt,sunrise,sunset,moonrise,moonset,moon_phase,pressure,humidity,dew_point,wind_speed,wind_deg,wind_gust,weather,clouds,pop,uvi,temp_day,temp_min,temp_max,temp_night,temp_eve,temp_morn,feels_like_day,feels_like_night,feels_like_eve,feels_like_morn,rain,Day,snow,Search_Name
45.3314,1.0301,Europe/Paris,7200,1650279600,1650258335,1650307469,1650316380,1650261660,0.56,1016,49,7.42,3.45,304,7.43,"[{'id': 803, 'main': 'Clouds', 'description': 'broken clouds', 'icon': '04d'}]",68,0.0,5.99,18.65,7.33,20.18,14.92,17.67,7.33,17.85,14.35,17.03,7.33,,Today,,Aigues Mortes
45.3314,1.0301,Europe/Paris,7200,1650366000,1650344632,1650393947,0,1650349920,0.6,1013,74,9.51,3.43,319,9.31,"[{'id': 501, 'main': 'Rain', 'description': 'moderate rain', 'icon': '10d'}]",86,0.99,3.96,14.36,9.06,14.71,9.5,11.63,9.06,13.78,7.92,11.09,8.51,9.62,Day_1,,Aigues Mortes
45.3314,1.0301,Europe/Paris,7200,1650452400,1650430930,1650480424,1650407640,1650438840,0.64,1006,97,9.11,3.26,330,8.92,"[{'id': 501, 'main': 'Rain', 'description': 'moderate rain', 'icon': '10d'}]",100,1.0,4.16,9.9,7.07,9.95,7.07,9.95,8.97,9.9,7.07,9.77,8.32,16.99,Day_2,,Aigues Mortes
45.3314,1.0301,Europe/Paris,7200,1650538800,1650517229,1650566901,1650498660,1650528360,0.67,1004,83,8.22,1.67,196,3.24,"[{'id': 500, 'main': 'Rain', 'description': 'light rain', 'icon': '10d'}]",100,0.97,1.81,11.27,6.98,11.7,9.29,11.14,7.8,10.62,9.0,10.53,7.8,3.86,Day_3,,Aigues Mortes
45.3314,1.0301,Europe/Paris,7200,1650625200,1650603529,1650653378,1650588960,1650618600,0.71,1000,59,7.36,2.34,221,6.85,"[{'id': 500, 'main': 'Rain', 'description': 'light rain', 'icon': '10d'}]",100,0.29,4.22,15.51,6.39,16.55,11.17,14.03,6.59,14.66,10.48,13.42,5.83,0.14,Day_4,,Aigues Mortes
45.3314,1.0301,Europe/Paris,7200,1650711600,1650689830,1650739856,1650678540,1650709380,0.75,997,96,9.21,6.15,263,12.11,"[{'id': 502, 'main': 'Rain', 'description': 'heavy intensity rain', 'icon': '10d'}]",97,1.0,3.9,10.16,8.62,15.66,9.2,8.62,10.63,9.74,7.09,6.79,9.99,23.89,Day_5,,Aigues Mortes
45.3314,1.0301,Europe/Paris,7200,1650798000,1650776132,1650826333,1650767340,1650800400,0.78,1013,60,8.24,4.48,242,11.22,"[{'id': 500, 'main': 'Rain', 'description': 'light rain', 'icon': '10d'}]",93,1.0,4.0,16.13,9.56,16.13,9.56,13.92,9.94,15.37,9.56,13.51,8.51,3.76,Day_6,,Aigues Mortes
45.3314,1.0301,Europe/Paris,7200,1650884400,1650862435,1650912810,1650855600,1650891360,0.82,1010,46,7.44,3.14,339,9.36,"[{'id': 501, 'main': 'Rain', 'description': 'moderate rain', 'icon': '10d'}]",100,0.93,4.0,19.71,7.06,20.58,8.77,9.38,8.69,18.94,7.71,7.69,8.11,11.34,Day_7,,Aigues Mortes
43.5298,5.4475,Europe/Paris,7200,1650279600,1650257451,1650306234,1650314880,1650260820,0.56,1015,41,4.22,4.5,233,4.87,"[{'id': 804, 'main': 'Clouds', 'description': 'overcast clouds', 'icon': '04d'}]",100,0.0,5.53,17.88,10.87,19.18,14.58,16.4,10.87,16.79,13.71,15.51,9.61,,Today,,Aix-en-Provence
43.5298,5.4475,Europe/Paris,7200,1650366000,1650343753,1650392705,0,1650349200,0.6,1009,30,1.94,6.07,289,7.02,"[{'id': 804, 'main': 'Clouds', 'description': 'overcast clouds', 'icon': '04d'}]",89,0.0,6.0,20.57,10.61,22.05,14.57,18.28,10.61,19.47,13.83,17.36,9.68,,Day_1,,Aix-en-Provence
43.5298,5.4475,Europe/Paris,7200,1650452400,1650430057,1650479177,1650406080,1650438180,0.64,1005,48,7.29,6.6,134,13.01,"[{'id': 501, 'main': 'Rain', 'description': 'moderate rain', 'icon': '10d'}]",100,1.0,4.16,18.72,11.89,18.72,12.14,12.56,12.06,17.9,11.6,12.17,11.25,17.48,Day_2,,Aix-en-Provence
43.5298,5.4475,Europe/Paris,7200,1650538800,1650516362,1650565648,1650497040,1650527760,0.67,1000,51,7.27,3.56,87,9.66,"[{'id': 500, 'main': 'Rain', 'description': 'light rain', 'icon': '10d'}]",98,0.85,4.1,17.82,11.19,17.82,13.33,14.86,11.19,16.99,12.91,14.36,10.45,2.33,Day_3,,Aix-en-Provence
43.5298,5.4475,Europe/Paris,7200,1650625200,1650602667,1650652120,1650587340,1650618000,0.71,1005,43,4.95,7.23,157,9.45,"[{'id': 500, 'main': 'Rain', 'description': 'light rain', 'icon': '10d'}]",100,0.68,4.48,18.27,11.34,18.27,13.3,15.56,11.67,17.28,12.75,14.84,11.19,0.49,Day_4,,Aix-en-Provence
43.5298,5.4475,Europe/Paris,7200,1650711600,1650688974,1650738592,1650676980,1650708720,0.75,1006,45,5.69,10.61,138,17.69,"[{'id': 500, 'main': 'Rain', 'description': 'light rain', 'icon': '10d'}]",71,1.0,2.88,18.0,11.11,18.0,11.11,12.29,13.92,17.03,10.44,11.61,13.43,4.9,Day_5,,Aix-en-Provence
43.5298,5.4475,Europe/Paris,7200,1650798000,1650775281,1650825063,1650765840,1650799680,0.78,1013,45,5.67,5.8,276,12.56,"[{'id': 500, 'main': 'Rain', 'description': 'light rain', 'icon': '10d'}]",33,0.96,3.0,18.15,8.91,18.54,13.86,16.12,10.89,17.2,13.02,15.2,10.18,0.15,Day_6,,Aix-en-Provence
43.5298,5.4475,Europe/Paris,7200,1650884400,1650861590,1650911535,1650854220,1650890520,0.82,1012,36,4.45,4.87,206,4.6,"[{'id': 801, 'main': 'Clouds', 'description': 'few clouds', 'icon': '02d'}]",15,0.0,3.0,20.66,11.38,20.66,14.26,16.5,11.76,19.72,13.6,15.67,10.79,,Day_7,,Aix-en-Provence
49.8987,2.2725,Europe/Paris,7200,1650279600,1650257536,1650307673,1650317100,1650260580,0.56,1017,55,6.66,4.51,311,8.97,"[{'id': 803, 'main': 'Clouds', 'description': 'broken clouds', 'icon': '04d'}]",83,0.0,4.34,16.08,6.66,17.15,10.72,13.15,6.66,15.18,10.12,12.71,5.26,,Today,,Amiens
49.8987,2.2725,Europe/Paris,7200,1650366000,1650343816,1650394166,0,1650348540,0.6,1014,65,8.04,4.31,326,7.44,"[{'id': 500, 'main': 'Rain', 'description': 'light rain', 'icon': '10d'}]",94,0.71,4.4,14.76,6.97,15.51,9.33,13.66,6.97,13.99,7.86,13.17,5.1,1.86,Day_1,,Amiens
49.8987,2.2725,Europe/Paris,7200,1650452400,1650430098,1650480660,1650408660,1650437100,0.64,1011,55,6.28,5.62,62,10.1,"[{'id': 804, 'main': 'Clouds', 'description': 'overcast clouds', 'icon': '04d'}]",95,0.0,4.62,15.37,6.64,16.29,9.14,14.32,6.64,14.4,7.25,13.48,4.25,,Day_2,,Amiens
49.8987,2.2725,Europe/Paris,7200,1650538800,1650516380,1650567154,1650499860,1650526500,0.67,1005,54,5.11,5.16,67,8.95,"[{'id': 802, 'main': 'Clouds', 'description': 'scattered clouds', 'icon': '03d'}]",47,0.0,4.57,14.73,5.3,16.16,10.16,13.19,5.3,13.67,9.16,12.37,2.57,,Day_3,,Amiens
49.8987,2.2725,Europe/Paris,7200,1650625200,1650602663,1650653648,1650590220,1650616740,0.71,1001,55,8.34,5.97,100,8.9,"[{'id': 501, 'main': 'Rain', 'description': 'moderate rain', 'icon': '10d'}]",58,0.84,4.49,17.66,7.73,17.77,12.0,15.03,8.03,16.92,11.81,14.52,5.79,5.77,Day_4,,Amiens
49.8987,2.2725,Europe/Paris,7200,1650711600,1650688948,1650740141,1650679620,1650707760,0.75,1001,64,10.93,6.89,131,11.99,"[{'id': 501, 'main': 'Rain', 'description': 'moderate rain', 'icon': '10d'}]",95,1.0,3.08,18.25,10.93,18.25,12.45,14.52,11.54,17.8,12.07,14.14,11.23,5.86,Day_5,,Amiens
49.8987,2.2725,Europe/Paris,7200,1650798000,1650775233,1650826635,1650768180,1650799020,0.78,1008,91,9.58,3.89,120,9.53,"[{'id': 500, 'main': 'Rain', 'description': 'light rain', 'icon': '10d'}]",100,0.82,4.0,11.34,9.52,11.88,11.06,11.19,9.52,10.91,10.78,10.87,9.52,4.79,Day_6,,Amiens
49.8987,2.2725,Europe/Paris,7200,1650884400,1650861520,1650913129,1650856140,1650890280,0.82,1012,86,11.29,1.64,141,2.61,"[{'id': 500, 'main': 'Rain', 'description': 'light rain', 'icon': '10d'}]",100,0.96,4.0,14.0,11.2,16.2,11.78,14.81,11.4,13.7,11.34,14.51,11.15,4.67,Day_7,,Amiens
45.8992,6.1289,Europe/Paris,7200,1650279600,1650257055,1650306302,1650315180,1650260340,0.56,1014,46,3.45,1.48,328,2.24,"[{'id': 801, 'main': 'Clouds', 'description': 'few clouds', 'icon': '02d'}]",20,0.0,5.59,16.41,3.98,19.06,13.04,18.34,3.98,15.31,11.89,17.25,3.98,,Today,,Annecy
45.8992,6.1289,Europe/Paris,7200,1650366000,1650343351,1650392781,0,1650348540,0.6,1010,48,3.88,1.64,3,2.68,"[{'id': 804, 'main': 'Clouds', 'description': 'overcast clouds', 'icon': '04d'}]",100,0.0,4.89,16.34,6.31,17.72,8.87,15.07,6.35,15.28,8.87,14.28,6.35,,Day_1,,Annecy
45.8992,6.1289,Europe/Paris,7200,1650452400,1650429647,1650479260,1650406500,1650437400,0.64,1005,54,5.68,2.3,5,3.31,"[{'id': 500, 'main': 'Rain', 'description': 'light rain', 'icon': '10d'}]",97,0.57,5.1,16.35,6.09,16.84,10.33,12.99,6.09,15.45,9.9,12.49,6.09,3.04,Day_2,,Annecy
45.8992,6.1289,Europe/Paris,7200,1650538800,1650515944,1650565739,1650497520,1650526920,0.67,1001,58,7.02,1.93,354,2.83,"[{'id': 500, 'main': 'Rain', 'description': 'light rain', 'icon': '10d'}]",97,0.55,5.36,16.94,9.22,17.32,11.41,12.95,9.23,16.2,10.85,12.36,9.23,2.03,Day_3,,Annecy
45.8992,6.1289,Europe/Paris,7200,1650625200,1650602242,1650652218,1650587880,1650617160,0.71,1001,55,7.78,2.16,259,3.02,"[{'id': 500, 'main': 'Rain', 'description': 'light rain', 'icon': '10d'}]",81,0.93,5.74,18.49,9.48,18.49,10.86,13.5,10.5,17.83,10.25,12.99,9.9,2.79,Day_4,,Annecy
45.8992,6.1289,Europe/Paris,7200,1650711600,1650688541,1650738698,1650677460,1650707940,0.75,1003,57,7.62,2.2,216,6.93,"[{'id': 501, 'main': 'Rain', 'description': 'moderate rain', 'icon': '10d'}]",97,1.0,4.4,18.13,8.62,18.13,9.22,13.01,10.25,17.49,8.48,12.64,9.6,9.85,Day_5,,Annecy
45.8992,6.1289,Europe/Paris,7200,1650798000,1650774841,1650825177,1650766200,1650799020,0.78,1015,96,5.78,2.26,210,6.2,"[{'id': 501, 'main': 'Rain', 'description': 'moderate rain', 'icon': '10d'}]",100,1.0,5.0,7.97,6.57,10.27,8.66,9.92,6.57,7.24,8.66,9.92,4.96,13.25,Day_6,,Annecy
45.8992,6.1289,Europe/Paris,7200,1650884400,1650861142,1650911656,1650854460,1650889980,0.82,1011,45,5.77,1.4,268,2.01,"[{'id': 800, 'main': 'Clear', 'description': 'clear sky', 'icon': '01d'}]",3,0.0,5.0,19.34,5.46,19.34,11.82,13.94,7.91,18.5,11.12,13.32,7.91,,Day_7,,Annecy
42.9455,1.4066,Europe/Paris,7200,1650279600,1650258474,1650307150,1650315840,1650261900,0.56,1016,58,5.08,3.7,348,4.1,"[{'id': 803, 'main': 'Clouds', 'description': 'broken clouds', 'icon': '04d'}]",76,0.24,6.05,11.63,4.64,13.15,8.53,9.91,4.65,10.36,8.53,9.45,4.65,,Today,,Ariège
42.9455,1.4066,Europe/Paris,7200,1650366000,1650344778,1650393620,0,1650350340,0.6,1015,96,4.63,1.96,298,5.04,"[{'id': 501, 'main': 'Rain', 'description': 'moderate rain', 'icon': '10d'}]",100,1.0,0.46,3.66,1.84,8.04,1.97,2.28,5.81,2.28,1.97,2.28,4.7,8.94,Day_1,,Ariège
42.9455,1.4066,Europe/Paris,7200,1650452400,1650431084,1650480090,1650406980,1650439320,0.64,1008,97,2.53,1.82,311,4.69,"[{'id': 616, 'main': 'Snow', 'description': 'rain and snow', 'icon': '13d'}]",100,1.0,1.04,1.25,0.26,2.38,1.92,2.03,0.87,1.25,1.92,2.03,-0.9,11.88,Day_2,0.15,Ariège
42.9455,1.4066,Europe/Paris,7200,1650538800,1650517390,1650566560,1650497880,1650528900,0.67,1006,94,3.95,1.5,253,4.89,"[{'id': 500, 'main': 'Rain', 'description': 'light rain', 'icon': '10d'}]",100,0.92,1.11,3.2,1.92,4.59,2.56,4.52,2.33,1.97,2.56,4.52,2.33,3.09,Day_3,,Ariège
42.9455,1.4066,Europe/Paris,7200,1650625200,1650603697,1650653029,1650588180,1650619200,0.71,1000,56,3.54,3.64,180,4.94,"[{'id': 500, 'main': 'Rain', 'description': 'light rain', 'icon': '10d'}]",100,0.39,5.45,11.14,1.54,11.14,3.96,7.08,2.65,9.77,0.81,6.28,-0.38,0.58,Day_4,,Ariège
42.9455,1.4066,Europe/Paris,7200,1650711600,1650690005,1650739499,1650677820,1650709860,0.75,998,62,3.45,3.96,164,7.8,"[{'id': 616, 'main': 'Snow', 'description': 'rain and snow', 'icon': '13d'}]",86,0.97,4.33,9.4,2.43,9.4,2.43,3.1,3.97,8.65,-0.27,0.24,0.62,7.24,Day_5,2.78,Ariège
42.9455,1.4066,Europe/Paris,7200,1650798000,1650776315,1650825969,1650766740,1650800820,0.78,1013,49,2.83,2.95,190,3.15,"[{'id': 802, 'main': 'Clouds', 'description': 'scattered clouds', 'icon': '03d'}]",30,0.0,5.0,12.41,-0.02,12.49,4.49,8.61,1.28,10.99,2.38,8.61,-1.3,,Day_6,,Ariège
42.9455,1.4066,Europe/Paris,7200,1650884400,1650862625,1650912439,1650855120,1650891600,0.82,1009,42,3.65,2.5,182,5.01,"[{'id': 500, 'main': 'Rain', 'description': 'light rain', 'icon': '10d'}]",98,0.99,5.0,15.27,3.96,15.27,5.22,8.81,5.63,13.95,3.22,8.81,3.8,2.56,Day_7,,Ariège
43.9492,4.8059,Europe/Paris,7200,1650279600,1650257565,1650306428,1650315120,1650260940,0.56,1015,38,4.86,4.39,214,6.95,"[{'id': 804, 'main': 'Clouds', 'description': 'overcast clouds', 'icon': '04d'}]",100,0.0,5.7,19.69,9.53,22.03,15.96,20.24,9.53,18.71,15.2,19.55,9.08,,Today,,Avignon
43.9492,4.8059,Europe/Paris,7200,1650366000,1650343866,1650392900,0,1650349320,0.6,1010,33,3.94,6.45,352,8.38,"[{'id': 804, 'main': 'Clouds', 'description': 'overcast clouds', 'icon': '04d'}]",92,0.0,5.95,20.81,9.7,22.66,15.79,20.37,9.7,19.81,14.89,19.56,8.66,,Day_1,,Avignon
43.9492,4.8059,Europe/Paris,7200,1650452400,1650430169,1650479373,1650406380,1650438240,0.64,1005,51,8.51,5.97,169,10.67,"[{'id': 501, 'main': 'Rain', 'description': 'moderate rain', 'icon': '10d'}]",100,1.0,4.45,19.01,12.15,19.39,12.22,12.67,12.65,18.3,11.87,12.32,12.03,14.6,Day_2,,Avignon
43.9492,4.8059,Europe/Paris,7200,1650538800,1650516472,1650565846,1650497340,1650527820,0.67,1001,48,8.43,4.96,294,5.78,"[{'id': 500, 'main': 'Rain', 'description': 'light rain', 'icon': '10d'}]",99,0.79,4.04,19.82,11.72,20.4,14.33,17.26,11.72,19.11,13.7,16.61,11.27,0.27,Day_3,,Avignon
43.9492,4.8059,Europe/Paris,7200,1650625200,1650602776,1650652319,1650587640,1650618060,0.71,1004,48,8.04,8.75,157,12.37,"[{'id': 500, 'main': 'Rain', 'description': 'light rain', 'icon': '10d'}]",100,0.24,4.33,19.44,10.97,19.44,14.68,16.09,12.2,18.69,14.03,15.5,11.67,0.12,Day_4,,Avignon
43.9492,4.8059,Europe/Paris,7200,1650711600,1650689081,1650738792,1650677220,1650708780,0.75,1004,43,6.24,12.77,161,21.25,"[{'id': 500, 'main': 'Rain', 'description': 'light rain', 'icon': '10d'}]",86,0.99,3.09,19.47,11.38,19.47,11.38,13.42,14.83,18.6,10.71,12.78,14.3,5.0,Day_5,,Avignon
43.9492,4.8059,Europe/Paris,7200,1650798000,1650775388,1650825265,1650766080,1650799740,0.78,1013,41,6.17,4.1,272,9.04,"[{'id': 802, 'main': 'Clouds', 'description': 'scattered clouds', 'icon': '03d'}]",29,0.71,4.0,19.95,8.89,20.99,13.8,17.62,11.03,19.07,12.88,16.82,10.17,,Day_6,,Avignon
43.9492,4.8059,Europe/Paris,7200,1650884400,1650861695,1650911737,1650854460,1650890640,0.82,1012,36,6.04,6.72,195,6.19,"[{'id': 803, 'main': 'Clouds', 'description': 'broken clouds', 'icon': '04d'}]",51,0.0,4.0,21.8,10.61,21.8,13.03,16.96,11.63,20.98,12.24,16.1,10.81,,Day_7,,Avignon
49.2765,-0.7025,Europe/Paris,7200,1650283200,1650258323,1650308313,1650317700,1650261420,0.56,1018,72,8.1,4.32,354,7.57,"[{'id': 804, 'main': 'Clouds', 'description': 'overcast clouds', 'icon': '04d'}]",100,0.0,4.6,13.03,7.62,13.03,8.64,11.14,8.23,12.27,7.23,10.37,6.7,,Today,,Bayeux
49.2765,-0.7025,Europe/Paris,7200,1650369600,1650344606,1650394805,0,1650349440,0.6,1016,70,5.92,4.3,348,6.56,"[{'id': 804, 'main': 'Clouds', 'description': 'overcast clouds', 'icon': '04d'}]",95,0.16,4.78,11.37,5.0,11.41,8.16,9.16,6.48,10.39,6.12,7.61,4.02,,Day_1,,Bayeux
49.2765,-0.7025,Europe/Paris,7200,1650456000,1650430890,1650481296,1650409200,1650438060,0.64,1011,71,7.6,5.68,36,9.38,"[{'id': 804, 'main': 'Clouds', 'description': 'overcast clouds', 'icon': '04d'}]",100,0.35,4.1,12.91,7.61,13.11,9.68,11.22,9.15,12.11,7.5,10.64,7.18,,Day_2,,Bayeux
49.2765,-0.7025,Europe/Paris,7200,1650542400,1650517174,1650567787,1650500340,1650527460,0.67,1005,59,5.83,7.2,53,11.53,"[{'id': 803, 'main': 'Clouds', 'description': 'broken clouds', 'icon': '04d'}]",73,0.0,4.58,13.76,7.08,13.76,8.74,10.09,7.63,12.73,5.81,9.37,6.07,,Day_3,,Bayeux
49.2765,-0.7025,Europe/Paris,7200,1650628800,1650603460,1650654278,1650590760,1650617760,0.71,1000,85,11.17,4.73,180,8.71,"[{'id': 500, 'main': 'Rain', 'description': 'light rain', 'icon': '10d'}]",100,1.0,4.63,13.75,7.0,14.93,9.68,11.95,9.0,13.4,9.68,11.42,7.03,5.22,Day_4,,Bayeux
49.2765,-0.7025,Europe/Paris,7200,1650715200,1650689747,1650740770,1650680160,1650708660,0.75,999,78,11.06,4.95,93,7.54,"[{'id': 500, 'main': 'Rain', 'description': 'light rain', 'icon': '10d'}]",94,0.61,4.49,15.03,7.48,16.43,10.77,13.38,8.19,14.63,10.38,13.1,6.26,1.04,Day_5,,Bayeux
49.2765,-0.7025,Europe/Paris,7200,1650801600,1650776035,1650827261,1650768720,1650799920,0.78,1009,82,11.19,4.9,252,9.44,"[{'id': 500, 'main': 'Rain', 'description': 'light rain', 'icon': '10d'}]",100,0.45,5.0,14.34,9.31,15.3,9.31,13.38,10.95,13.97,8.19,12.86,10.61,0.78,Day_6,,Bayeux
49.2765,-0.7025,Europe/Paris,7200,1650888000,1650862324,1650913752,1650856740,1650891180,0.82,1011,61,9.63,3.74,56,4.18,"[{'id': 500, 'main': 'Rain', 'description': 'light rain', 'icon': '10d'}]",71,0.66,5.0,17.15,7.49,17.15,10.98,11.87,8.69,16.51,10.41,11.41,8.69,2.85,Day_7,,Bayeux
43.4933,-1.4751,Europe/Paris,7200,1650283200,1650259114,1650307893,1650316680,1650262500,0.56,1018,76,10.87,4.72,264,8.27,"[{'id': 500, 'main': 'Rain', 'description': 'light rain', 'icon': '10d'}]",60,0.28,5.53,15.1,12.47,15.1,13.18,14.82,12.5,14.65,12.85,14.5,12.23,0.72,Today,,Bayonne
43.4933,-1.4751,Europe/Paris,7200,1650369600,1650345417,1650394365,0,1650350940,0.6,1016,88,8.7,6.1,307,8.27,"[{'id': 500, 'main': 'Rain', 'description': 'light rain', 'icon': '10d'}]",100,1.0,1.47,10.77,10.03,12.36,10.03,10.61,11.67,10.2,9.28,9.89,10.96,4.99,Day_1,,Bayonne
43.4933,-1.4751,Europe/Paris,7200,1650456000,1650431720,1650480836,1650407820,1650439920,0.64,1009,78,7.17,9.37,305,13.19,"[{'id': 501, 'main': 'Rain', 'description': 'moderate rain', 'icon': '10d'}]",100,1.0,0.58,10.93,9.07,11.36,11.26,10.9,9.32,10.12,10.74,10.42,8.01,14.58,Day_2,,Bayonne
43.4933,-1.4751,Europe/Paris,7200,1650542400,1650518025,1650567307,1650498780,1650529500,0.67,1005,65,6.19,9.12,307,13.06,"[{'id': 501, 'main': 'Rain', 'description': 'moderate rain', 'icon': '10d'}]",98,1.0,0.68,12.76,9.9,13.46,9.9,13.46,11.25,11.79,7.39,12.61,10.31,4.98,Day_3,,Bayonne
43.4933,-1.4751,Europe/Paris,7200,1650628800,1650604331,1650653779,1650589080,1650619800,0.71,999,53,7.22,5.36,140,10.33,"[{'id': 500, 'main': 'Rain', 'description': 'light rain', 'icon': '10d'}]",100,0.45,3.71,17.1,8.83,17.71,12.87,15.07,10.4,16.25,12.01,14.25,9.51,0.28,Day_4,,Bayonne
43.4933,-1.4751,Europe/Paris,7200,1650715200,1650690637,1650740250,1650678660,1650710460,0.75,1002,83,7.08,8.29,234,16.05,"[{'id': 501, 'main': 'Rain', 'description': 'moderate rain', 'icon': '10d'}]",97,1.0,4.01,9.87,9.87,14.14,10.62,13.23,12.89,6.43,9.85,12.51,12.22,10.42,Day_5,,Bayonne
43.4933,-1.4751,Europe/Paris,7200,1650801600,1650776945,1650826722,1650767520,1650801420,0.78,1012,46,7.39,3.98,109,11.14,"[{'id': 803, 'main': 'Clouds', 'description': 'broken clouds', 'icon': '04d'}]",61,0.31,5.0,19.5,8.99,20.56,13.48,17.61,9.55,18.71,13.05,17.25,8.12,,Day_6,,Bayonne
43.4933,-1.4751,Europe/Paris,7200,1650888000,1650863254,1650913193,1650855900,1650892260,0.82,1010,52,8.4,3.35,109,6.92,"[{'id': 500, 'main': 'Rain', 'description': 'light rain', 'icon': '10d'}]",100,0.81,5.0,18.55,12.19,18.55,12.95,16.01,12.47,17.82,12.62,15.6,11.57,1.25,Day_7,,Bayonne
-33.9659,25.508,Africa/Johannesburg,7200,1650276000,1650256951,1650297106,1650301560,1650262860,0.56,1024,67,13.68,4.56,278,7.81,"[{'id': 500, 'main': 'Rain', 'description': 'light rain', 'icon': '10d'}]",100,0.48,3.47,19.73,15.18,20.13,15.43,15.91,17.24,19.51,15.3,15.75,17.19,0.82,Today,,Besancon
-33.9659,25.508,Africa/Johannesburg,7200,1650362400,1650343397,1650383434,1650390600,1650353640,0.6,1023,64,13.89,5.72,70,10.29,"[{'id': 800, 'main': 'Clear', 'description': 'clear sky', 'icon': '01d'}]",2,0.0,6.08,20.87,14.34,21.21,17.46,18.09,14.34,20.68,17.61,18.2,14.21,,Day_1,,Besancon
-33.9659,25.508,Africa/Johannesburg,7200,1650448800,1650429843,1650469764,1650480120,1650444420,0.64,1016,45,12.54,5.37,55,10.28,"[{'id': 800, 'main': 'Clear', 'description': 'clear sky', 'icon': '01d'}]",2,0.0,5.93,25.65,15.68,27.12,21.08,20.04,15.87,25.45,20.71,20.19,15.91,,Day_2,,Besancon
-33.9659,25.508,Africa/Johannesburg,7200,1650535200,1650516288,1650556094,1650570120,1650534960,0.67,1011,35,10.18,5.44,234,7.96,"[{'id': 802, 'main': 'Clouds', 'description': 'scattered clouds', 'icon': '03d'}]",40,0.0,5.63,28.17,18.06,28.17,18.37,21.17,21.72,27.49,18.46,21.14,20.97,,Day_3,,Besancon
-33.9659,25.508,Africa/Johannesburg,7200,1650621600,1650602734,1650642425,1650660480,1650625020,0.71,1015,69,14.48,10.49,241,13.77,"[{'id': 500, 'main': 'Rain', 'description': 'light rain', 'icon': '10d'}]",20,1.0,4.62,20.14,16.93,20.14,17.13,17.23,17.62,20.01,16.62,16.94,17.79,3.8,Day_4,,Besancon
-33.9659,25.508,Africa/Johannesburg,7200,1650708000,1650689180,1650728757,1650751020,1650714540,0.75,1021,65,9.87,5.34,221,7.8,"[{'id': 501, 'main': 'Rain', 'description': 'moderate rain', 'icon': '10d'}]",100,0.89,2.79,16.15,14.55,16.58,15.24,14.55,15.82,15.52,15.25,14.25,15.23,4.7,Day_5,,Besancon
-33.9659,25.508,Africa/Johannesburg,7200,1650794400,1650775626,1650815090,0,1650803520,0.78,1012,82,14.25,8.32,231,10.4,"[{'id': 501, 'main': 'Rain', 'description': 'moderate rain', 'icon': '10d'}]",53,0.99,3.0,17.14,15.36,17.26,16.03,16.23,15.36,17.05,15.83,16.0,15.35,11.65,Day_6,,Besancon
-33.9659,25.508,Africa/Johannesburg,7200,1650880800,1650862072,1650901424,1650841560,1650892140,0.82,1009,93,13.57,13.7,219,20.31,"[{'id': 502, 'main': 'Rain', 'description': 'heavy intensity rain', 'icon': '10d'}]",100,1.0,3.0,14.46,14.46,15.84,15.17,15.84,14.75,14.39,14.83,15.52,14.58,60.87,Day_7,,Besancon
43.4711,-1.5527,Europe/Paris,7200,1650283200,1650259134,1650307910,1650316680,1650262560,0.56,1018,79,10.78,4.99,265,8.06,"[{'id': 500, 'main': 'Rain', 'description': 'light rain', 'icon': '10d'}]",64,0.28,6.48,14.38,12.38,14.38,12.89,14.09,12.39,13.94,12.56,13.75,12.09,0.68,Today,,Biarritz
43.4711,-1.5527,Europe/Paris,7200,1650369600,1650345437,1650394381,0,1650351000,0.6,1016,87,8.27,6.29,313,8.26,"[{'id': 500, 'main': 'Rain', 'description': 'light rain', 'icon': '10d'}]",100,1.0,1.15,10.48,10.06,12.27,10.06,10.43,11.56,9.86,9.24,9.67,10.83,4.8,Day_1,,Biarritz
43.4711,-1.5527,Europe/Paris,7200,1650456000,1650431741,1650480852,1650407820,1650439920,0.64,1009,78,7.02,9.81,307,13.1,"[{'id': 501, 'main': 'Rain', 'description': 'moderate rain', 'icon': '10d'}]",100,1.0,0.68,10.82,9.21,11.1,11.06,10.62,9.21,9.99,10.49,10.09,7.41,15.32,Day_2,,Biarritz
43.4711,-1.5527,Europe/Paris,7200,1650542400,1650518046,1650567324,1650498780,1650529500,0.67,1005,65,5.89,9.88,307,13.39,"[{'id': 501, 'main': 'Rain', 'description': 'moderate rain', 'icon': '10d'}]",95,0.99,0.87,12.41,10.05,13.22,10.05,13.22,10.98,11.4,9.36,12.35,9.99,4.28,Day_3,,Biarritz
43.4711,-1.5527,Europe/Paris,7200,1650628800,1650604352,1650653795,1650589080,1650619800,0.71,999,54,7.16,5.17,148,10.96,"[{'id': 500, 'main': 'Rain', 'description': 'light rain', 'icon': '10d'}]",100,0.43,4.25,16.46,9.31,16.96,12.88,14.91,10.48,15.57,12.05,14.1,9.59,0.32,Day_4,,Biarritz
43.4711,-1.5527,Europe/Paris,7200,1650715200,1650690658,1650740267,1650678720,1650710520,0.75,1002,85,7.12,8.72,232,16.16,"[{'id': 501, 'main': 'Rain', 'description': 'moderate rain', 'icon': '10d'}]",97,1.0,1.45,9.54,9.54,13.86,10.81,13.08,12.46,5.89,10.01,12.35,11.77,10.87,Day_5,,Biarritz
43.4711,-1.5527,Europe/Paris,7200,1650801600,1650776966,1650826738,1650767580,1650801420,0.78,1012,49,7.42,4.26,107,10.38,"[{'id': 803, 'main': 'Clouds', 'description': 'broken clouds', 'icon': '04d'}]",58,0.31,2.0,18.51,9.24,19.56,13.43,17.29,9.58,17.7,12.97,16.9,7.87,,Day_6,,Biarritz
43.4711,-1.5527,Europe/Paris,7200,1650888000,1650863275,1650913209,1650855960,1650892320,0.82,1010,54,8.51,3.34,118,6.52,"[{'id': 500, 'main': 'Rain', 'description': 'light rain', 'icon': '10d'}]",99,0.8,2.0,17.85,12.29,17.85,12.92,15.55,12.49,17.1,12.57,15.12,11.57,1.13,Day_7,,Biarritz
43.1572,6.3293,Europe/Paris,7200,1650279600,1650257274,1650305987,1650314580,1650260700,0.56,1015,47,4.57,4.63,196,5.45,"[{'id': 803, 'main': 'Clouds', 'description': 'broken clouds', 'icon': '04d'}]",74,0.0,6.24,16.06,10.97,16.44,13.08,15.04,11.12,14.95,12.19,14.24,10.51,,Today,,Bormes-les-Mimosas
43.1572,6.3293,Europe/Paris,7200,1650366000,1650343578,1650392458,0,1650349080,0.6,1010,50,5.83,4.67,214,7.51,"[{'id': 803, 'main': 'Clouds', 'description': 'broken clouds', 'icon': '04d'}]",67,0.0,6.25,17.25,10.12,17.85,12.26,17.24,10.12,16.34,11.79,16.56,9.12,,Day_1,,Bormes-les-Mimosas
43.1572,6.3293,Europe/Paris,7200,1650452400,1650429883,1650478928,1650405780,1650438060,0.64,1006,74,10.85,10.55,75,13.89,"[{'id': 502, 'main': 'Rain', 'description': 'heavy intensity rain', 'icon': '10d'}]",100,1.0,4.36,15.66,11.3,15.68,12.42,12.64,12.52,15.21,12.07,12.41,12.18,20.72,Day_2,,Bormes-les-Mimosas
43.1572,6.3293,Europe/Paris,7200,1650538800,1650516188,1650565399,1650496740,1650527640,0.67,1000,75,9.24,8.66,75,13.71,"[{'id': 500, 'main': 'Rain', 'description': 'light rain', 'icon': '10d'}]",100,0.96,3.95,13.77,12.12,16.09,12.23,12.56,12.89,13.16,11.88,12.17,12.14,3.45,Day_3,,Bormes-les-Mimosas
43.1572,6.3293,Europe/Paris,7200,1650625200,1650602495,1650651869,1650587040,1650617880,0.71,1006,65,9.27,4.53,180,6.34,"[{'id': 500, 'main': 'Rain', 'description': 'light rain', 'icon': '10d'}]",89,0.92,4.16,16.44,11.78,16.44,12.91,14.2,12.67,15.84,12.63,13.95,12.19,0.87,Day_4,,Bormes-les-Mimosas
43.1572,6.3293,Europe/Paris,7200,1650711600,1650688803,1650738339,1650676680,1650708600,0.75,1009,67,10.26,7.44,96,9.95,"[{'id': 500, 'main': 'Rain', 'description': 'light rain', 'icon': '10d'}]",66,0.92,1.28,16.8,11.75,16.8,11.75,13.51,13.72,16.29,11.17,13.14,13.55,6.17,Day_5,,Bormes-les-Mimosas
43.1572,6.3293,Europe/Paris,7200,1650798000,1650775111,1650824810,1650765600,1650799500,0.78,1012,56,7.7,8.94,267,14.78,"[{'id': 500, 'main': 'Rain', 'description': 'light rain', 'icon': '10d'}]",19,0.89,2.0,17.41,10.59,17.59,13.28,15.42,12.58,16.67,12.57,14.69,11.72,0.12,Day_6,,Bormes-les-Mimosas
43.1572,6.3293,Europe/Paris,7200,1650884400,1650861421,1650911280,1650853920,1650890340,0.82,1014,65,10.42,4.09,133,4.92,"[{'id': 801, 'main': 'Clouds', 'description': 'few clouds', 'icon': '02d'}]",24,0.0,2.0,17.61,11.43,17.61,12.84,14.8,12.41,17.12,12.43,14.37,11.56,,Day_7,,Bormes-les-Mimosas
43.213,2.3491,Europe/Paris,7200,1650279600,1650258223,1650306949,1650315600,1650261660,0.56,1016,51,7.34,6.74,285,13.86,"[{'id': 803, 'main': 'Clouds', 'description': 'broken clouds', 'icon': '04d'}]",53,0.02,5.67,18.54,11.03,20.35,15.55,18.39,11.1,17.78,14.83,17.59,10.59,,Today,,Carcassonne
43.213,2.3491,Europe/Paris,7200,1650366000,1650344527,1650393419,0,1650350040,0.6,1014,79,8.08,6.32,284,10.73,"[{'id': 501, 'main': 'Rain', 'description': 'moderate rain', 'icon': '10d'}]",100,0.94,3.6,12.34,8.76,14.43,8.76,9.67,12.12,11.69,6.11,6.99,11.71,2.14,Day_1,,Carcassonne
43.213,2.3491,Europe/Paris,7200,1650452400,1650430831,1650479890,1650406800,1650439020,0.64,1008,92,5.63,4.66,271,9.11,"[{'id': 501, 'main': 'Rain', 'description': 'moderate rain', 'icon': '10d'}]",100,1.0,0.64,7.57,7.57,8.68,8.28,8.38,8.26,4.85,6.39,6.31,5.87,19.76,Day_2,,Carcassonne
43.213,2.3491,Europe/Paris,7200,1650538800,1650517137,1650566360,1650497760,1650528600,0.67,1005,85,6.99,5.65,286,9.41,"[{'id': 500, 'main': 'Rain', 'description': 'light rain', 'icon': '10d'}]",100,1.0,0.87,10.18,7.73,10.64,7.73,10.16,8.78,9.47,6.65,9.42,7.14,0.67,Day_3,,Carcassonne
43.213,2.3491,Europe/Paris,7200,1650625200,1650603443,1650652831,1650588060,1650618900,0.71,1001,58,8.0,5.17,94,6.46,"[{'id': 804, 'main': 'Clouds', 'description': 'overcast clouds', 'icon': '04d'}]",100,0.0,5.0,17.02,7.17,17.8,11.54,14.2,8.27,16.29,11.0,13.53,6.57,,Day_4,,Carcassonne
43.213,2.3491,Europe/Paris,7200,1650711600,1650689751,1650739301,1650677640,1650709560,0.75,997,66,9.84,7.54,113,16.25,"[{'id': 501, 'main': 'Rain', 'description': 'moderate rain', 'icon': '10d'}]",95,0.98,3.75,17.0,8.94,17.0,8.94,10.44,11.43,16.48,7.04,9.71,10.93,6.32,Day_5,,Carcassonne
43.213,2.3491,Europe/Paris,7200,1650798000,1650776059,1650825772,1650766560,1650800520,0.78,1014,47,6.77,1.89,312,3.1,"[{'id': 803, 'main': 'Clouds', 'description': 'broken clouds', 'icon': '04d'}]",54,0.36,4.0,19.01,7.5,20.38,12.47,16.99,8.73,18.19,11.7,16.36,8.73,,Day_6,,Carcassonne
43.213,2.3491,Europe/Paris,7200,1650884400,1650862369,1650912243,1650854940,1650891360,0.82,1011,47,7.6,6.93,100,8.24,"[{'id': 500, 'main': 'Rain', 'description': 'light rain', 'icon': '10d'}]",92,0.53,4.0,19.94,10.79,19.94,11.24,14.71,11.57,19.22,10.67,14.09,10.66,2.37,Day_7,,Carcassonne
43.214,5.5396,Europe/Paris,7200,1650279600,1650257458,1650306182,1650314820,1650260880,0.56,1015,61,7.7,3.63,188,3.44,"[{'id': 804, 'main': 'Clouds', 'description': 'overcast clouds', 'icon': '04d'}]",99,0.0,5.97,15.79,13.19,16.35,14.96,16.16,13.19,15.02,14.34,15.55,12.16,,Today,,Cassis
43.214,5.5396,Europe/Paris,7200,1650366000,1650343762,1650392653,0,1650349260,0.6,1010,49,6.01,6.43,251,7.93,"[{'id': 803, 'main': 'Clouds', 'description': 'broken clouds', 'icon': '04d'}]",55,0.0,6.25,18.17,13.28,18.21,14.35,16.52,13.28,17.32,13.88,15.98,12.57,,Day_1,,Cassis
43.214,5.5396,Europe/Paris,7200,1650452400,1650430066,1650479123,1650406020,1650438240,0.64,1005,61,9.5,8.97,103,12.94,"[{'id': 502, 'main': 'Rain', 'description': 'heavy intensity rain', 'icon': '10d'}]",100,1.0,3.87,17.83,13.43,17.83,13.65,13.45,13.71,17.26,13.24,13.2,13.2,20.3,Day_2,,Cassis
43.214,5.5396,Europe/Paris,7200,1650538800,1650516372,1650565594,1650496920,1650527820,0.67,1000,66,9.24,7.51,87,13.01,"[{'id': 500, 'main': 'Rain', 'description': 'light rain', 'icon': '10d'}]",100,0.85,4.15,16.15,13.59,16.15,13.6,13.88,13.8,15.54,13.31,13.57,13.06,3.4,Day_3,,Cassis
43.214,5.5396,Europe/Paris,7200,1650625200,1650602678,1650652065,1650587220,1650618060,0.71,1005,66,9.5,7.68,141,9.6,"[{'id': 500, 'main': 'Rain', 'description': 'light rain', 'icon': '10d'}]",94,0.69,5.44,16.55,13.21,16.55,14.71,15.46,13.34,15.98,14.43,15.15,12.92,0.65,Day_4,,Cassis
43.214,5.5396,Europe/Paris,7200,1650711600,1650688986,1650738535,1650676860,1650708780,0.75,1007,60,8.66,12.52,119,16.42,"[{'id': 500, 'main': 'Rain', 'description': 'light rain', 'icon': '10d'}]",65,0.99,1.85,17.22,12.84,17.22,12.84,13.61,14.7,16.56,12.24,13.06,14.52,7.04,Day_5,,Cassis
43.214,5.5396,Europe/Paris,7200,1650798000,1650775294,1650825006,1650765780,1650799680,0.78,1014,65,8.92,6.87,260,12.78,"[{'id': 801, 'main': 'Clouds', 'description': 'few clouds', 'icon': '02d'}]",12,0.78,2.0,16.07,11.56,16.2,14.86,15.58,13.06,15.43,14.26,14.92,12.41,,Day_6,,Cassis
43.214,5.5396,Europe/Paris,7200,1650884400,1650861604,1650911476,1650854160,1650890520,0.82,1014,58,8.55,5.04,153,5.73,"[{'id': 801, 'main': 'Clouds', 'description': 'few clouds', 'icon': '02d'}]",20,0.0,2.0,17.41,13.52,17.41,14.84,15.84,14.03,16.72,14.55,15.44,13.32,,Day_7,,Cassis
48.2495,7.3443,Europe/Paris,7200,1650279600,1650256512,1650306262,1650315360,1650259620,0.56,1017,42,0.38,2.33,72,3.08,"[{'id': 800, 'main': 'Clear', 'description': 'clear sky', 'icon': '01d'}]",1,0.0,4.83,11.65,0.85,13.53,8.41,12.72,0.9,9.97,7.82,11.17,0.9,,Today,,Château du Haut-Kœnigsbourg
48.2495,7.3443,Europe/Paris,7200,1650366000,1650342799,1650392749,0,1650347760,0.6,1011,48,3.42,3.66,47,5.47,"[{'id': 804, 'main': 'Clouds', 'description': 'overcast clouds', 'icon': '04d'}]",86,0.0,4.7,13.06,2.81,13.95,6.29,11.38,2.84,11.67,5.07,10.06,2.84,,Day_1,,Château du Haut-Kœnigsbourg
48.2495,7.3443,Europe/Paris,7200,1650452400,1650429087,1650479237,1650406860,1650436380,0.64,1009,51,2.24,4.28,37,6.2,"[{'id': 804, 'main': 'Clouds', 'description': 'overcast clouds', 'icon': '04d'}]",93,0.0,4.68,10.89,2.65,12.71,4.55,10.6,2.67,9.37,3.02,9.13,0.52,,Day_2,,Château du Haut-Kœnigsbourg
48.2495,7.3443,Europe/Paris,7200,1650538800,1650515375,1650565724,1650498000,1650525840,0.67,1004,50,3.79,2.62,52,3.04,"[{'id': 804, 'main': 'Clouds', 'description': 'overcast clouds', 'icon': '04d'}]",96,0.0,4.8,12.92,2.68,13.82,7.15,9.56,2.68,11.57,5.85,8.76,2.68,,Day_3,,Château du Haut-Kœnigsbourg
48.2495,7.3443,Europe/Paris,7200,1650625200,1650601665,1650652212,1650588360,1650616080,0.71,1002,57,6.97,1.93,74,2.19,"[{'id': 803, 'main': 'Clouds', 'description': 'broken clouds', 'icon': '04d'}]",83,0.39,5.01,14.31,5.09,15.22,8.75,11.44,6.72,13.28,7.81,10.62,6.72,,Day_4,,Château du Haut-Kœnigsbourg
48.2495,7.3443,Europe/Paris,7200,1650711600,1650687956,1650738699,1650677820,1650706980,0.75,1004,59,8.99,5.37,268,9.51,"[{'id': 501, 'main': 'Rain', 'description': 'moderate rain', 'icon': '10d'}]",84,0.98,3.85,15.76,8.94,15.76,9.75,11.72,9.16,14.93,7.14,11.27,9.16,6.19,Day_5,,Château du Haut-Kœnigsbourg
48.2495,7.3443,Europe/Paris,7200,1650798000,1650774248,1650825186,1650766500,1650798120,0.78,1011,74,5.12,3.13,218,6.45,"[{'id': 501, 'main': 'Rain', 'description': 'moderate rain', 'icon': '10d'}]",100,1.0,4.0,8.41,5.74,9.07,7.03,7.22,6.55,6.52,6.4,6.59,5.52,3.96,Day_6,,Château du Haut-Kœnigsbourg
48.2495,7.3443,Europe/Paris,7200,1650884400,1650860541,1650911673,1650854580,1650889260,0.82,1013,71,8.82,1.41,184,2.73,"[{'id': 500, 'main': 'Rain', 'description': 'light rain', 'icon': '10d'}]",89,0.93,4.0,12.78,6.73,14.01,7.57,10.61,7.49,11.97,7.57,9.89,7.49,4.03,Day_7,,Château du Haut-Kœnigsbourg
48.0778,7.358,Europe/Paris,7200,1650279600,1650256528,1650306239,1650315360,1650259680,0.56,1017,43,1.51,2.49,26,3.72,"[{'id': 800, 'main': 'Clear', 'description': 'clear sky', 'icon': '01d'}]",1,0.0,4.83,14.54,3.71,16.72,11.67,15.72,3.71,13.17,10.43,14.47,3.71,,Today,,Colmar
48.0778,7.358,Europe/Paris,7200,1650366000,1650342816,1650392726,0,1650347760,0.6,1012,51,5.07,3.58,38,5.99,"[{'id': 804, 'main': 'Clouds', 'description': 'overcast clouds', 'icon': '04d'}]",88,0.0,4.7,15.82,5.86,16.8,9.51,14.46,5.86,14.79,8.2,13.53,5.86,,Day_1,,Colmar
48.0778,7.358,Europe/Paris,7200,1650452400,1650429104,1650479213,1650406800,1650436440,0.64,1009,51,3.58,4.51,21,7.79,"[{'id': 804, 'main': 'Clouds', 'description': 'overcast clouds', 'icon': '04d'}]",92,0.0,4.68,14.07,5.86,16.06,7.9,13.62,5.86,12.86,6.37,12.47,3.82,,Day_2,,Colmar
48.0778,7.358,Europe/Paris,7200,1650538800,1650515393,1650565700,1650497940,1650525900,0.67,1004,51,5.24,2.95,36,4.7,"[{'id': 804, 'main': 'Clouds', 'description': 'overcast clouds', 'icon': '04d'}]",93,0.0,4.8,15.88,5.91,16.74,10.83,12.7,5.94,14.86,10.01,11.96,5.94,,Day_3,,Colmar
48.0778,7.358,Europe/Paris,7200,1650625200,1650601684,1650652187,1650588300,1650616140,0.71,1002,56,7.71,1.77,352,2.73,"[{'id': 500, 'main': 'Rain', 'description': 'light rain', 'icon': '10d'}]",90,0.42,5.01,17.07,8.17,18.23,12.02,14.53,9.65,16.29,11.5,14.0,9.13,0.12,Day_4,,Colmar
48.0778,7.358,Europe/Paris,7200,1650711600,1650687975,1650738673,1650677760,1650707040,0.75,1004,60,10.39,7.26,245,12.38,"[{'id': 501, 'main': 'Rain', 'description': 'moderate rain', 'icon': '10d'}]",85,0.97,3.85,19.07,11.99,19.07,12.33,15.31,12.48,18.6,11.94,15.12,12.06,5.39,Day_5,,Colmar
48.0778,7.358,Europe/Paris,7200,1650798000,1650774267,1650825160,1650766440,1650798180,0.78,1011,76,6.12,4.17,212,8.54,"[{'id': 500, 'main': 'Rain', 'description': 'light rain', 'icon': '10d'}]",100,1.0,4.0,10.9,8.87,12.03,10.16,10.45,9.76,10.03,9.56,9.85,8.07,2.64,Day_6,,Colmar
48.0778,7.358,Europe/Paris,7200,1650884400,1650860561,1650911647,1650854520,1650889320,0.82,1013,76,9.92,1.84,187,3.84,"[{'id': 500, 'main': 'Rain', 'description': 'light rain', 'icon': '10d'}]",94,0.94,4.0,14.8,9.76,17.23,10.65,13.77,10.15,14.32,10.12,13.34,9.73,5.5,Day_7,,Colmar
47.3216,5.0415,Europe/Paris,7200,1650279600,1650257166,1650306713,1650315780,1650260340,0.56,1016,50,3.35,3.51,47,7.89,"[{'id': 804, 'main': 'Clouds', 'description': 'overcast clouds', 'icon': '04d'}]",100,0.0,4.88,13.99,3.44,16.8,12.38,16.39,3.44,12.75,11.32,15.39,0.73,,Today,,Dijon
47.3216,5.0415,Europe/Paris,7200,1650366000,1650343457,1650393197,0,1650348540,0.6,1012,59,6.68,3.18,356,4.99,"[{'id': 804, 'main': 'Clouds', 'description': 'overcast clouds', 'icon': '04d'}]",100,0.0,4.34,15.04,6.57,16.22,8.48,14.44,6.57,14.14,6.62,13.87,6.57,,Day_1,,Dijon
47.3216,5.0415,Europe/Paris,7200,1650452400,1650429748,1650479681,1650407160,1650437220,0.64,1007,59,6.38,5.93,54,10.57,"[{'id': 804, 'main': 'Clouds', 'description': 'overcast clouds', 'icon': '04d'}]",99,0.0,4.8,14.52,6.18,15.65,8.16,14.2,6.18,13.57,5.99,13.56,3.21,,Day_2,,Dijon
47.3216,5.0415,Europe/Paris,7200,1650538800,1650516040,1650566165,1650498240,1650526740,0.67,1004,78,7.39,3.04,354,4.9,"[{'id': 804, 'main': 'Clouds', 'description': 'overcast clouds', 'icon': '04d'}]",100,0.24,4.55,11.43,6.87,15.68,9.65,12.44,7.32,10.67,8.56,11.88,7.32,,Day_3,,Dijon
47.3216,5.0415,Europe/Paris,7200,1650625200,1650602333,1650652649,1650588600,1650616980,0.71,1001,66,10.67,6.32,177,12.67,"[{'id': 804, 'main': 'Clouds', 'description': 'overcast clouds', 'icon': '04d'}]",96,0.41,4.69,17.45,9.15,18.5,11.51,14.88,10.08,16.97,10.54,14.15,9.31,,Day_4,,Dijon
47.3216,5.0415,Europe/Paris,7200,1650711600,1650688627,1650739133,1650678120,1650707820,0.75,1004,71,9.63,5.73,150,12.67,"[{'id': 501, 'main': 'Rain', 'description': 'moderate rain', 'icon': '10d'}]",80,1.0,3.72,15.13,6.77,15.83,6.77,12.42,9.25,14.55,5.17,12.07,8.75,5.5,Day_5,,Dijon
47.3216,5.0415,Europe/Paris,7200,1650798000,1650774922,1650825617,1650766800,1650798960,0.78,1011,94,8.61,6.98,184,13.57,"[{'id': 500, 'main': 'Rain', 'description': 'light rain', 'icon': '10d'}]",100,1.0,4.0,9.82,6.74,10.15,9.91,10.11,7.1,7.35,8.51,9.71,3.22,3.83,Day_6,,Dijon
47.3216,5.0415,Europe/Paris,7200,1650884400,1650861218,1650912101,1650855000,1650890040,0.82,1012,67,10.56,2.13,237,3.1,"[{'id': 500, 'main': 'Rain', 'description': 'light rain', 'icon': '10d'}]",52,0.49,4.0,16.96,9.34,17.97,10.56,14.49,9.98,16.46,10.07,14.11,9.98,1.76,Day_7,,Dijon
48.0448,7.308,Europe/Paris,7200,1650279600,1650256544,1650306248,1650315360,1650259680,0.56,1017,42,1.16,2.35,54,3.59,"[{'id': 800, 'main': 'Clear', 'description': 'clear sky', 'icon': '01d'}]",1,0.0,4.83,14.63,3.94,16.72,11.84,15.69,3.94,13.25,10.57,14.44,2.92,,Today,,Eguisheim
48.0448,7.308,Europe/Paris,7200,1650366000,1650342831,1650392734,0,1650347820,0.6,1011,50,4.89,3.45,41,5.79,"[{'id': 804, 'main': 'Clouds', 'description': 'overcast clouds', 'icon': '04d'}]",88,0.0,4.7,15.98,6.16,16.77,9.71,14.48,6.16,14.94,8.44,13.55,6.16,,Day_1,,Eguisheim
48.0448,7.308,Europe/Paris,7200,1650452400,1650429120,1650479221,1650406800,1650436440,0.64,1009,52,3.43,4.17,23,7.52,"[{'id': 804, 'main': 'Clouds', 'description': 'overcast clouds', 'icon': '04d'}]",90,0.0,4.68,13.95,6.14,16.01,8.06,13.59,6.14,12.76,6.55,12.41,4.35,,Day_2,,Eguisheim
48.0448,7.308,Europe/Paris,7200,1650538800,1650515409,1650565708,1650497940,1650525900,0.67,1004,50,5.02,2.8,41,4.24,"[{'id': 804, 'main': 'Clouds', 'description': 'overcast clouds', 'icon': '04d'}]",95,0.0,4.8,16.06,6.11,16.74,11.21,12.65,6.19,15.03,10.37,11.93,6.19,,Day_3,,Eguisheim
48.0448,7.308,Europe/Paris,7200,1650625200,1650601700,1650652194,1650588300,1650616140,0.71,1002,56,7.55,1.95,274,2.53,"[{'id': 500, 'main': 'Rain', 'description': 'light rain', 'icon': '10d'}]",93,0.44,5.01,17.24,8.54,18.29,12.2,14.42,10.05,16.48,11.72,13.9,9.12,0.17,Day_4,,Eguisheim
48.0448,7.308,Europe/Paris,7200,1650711600,1650687991,1650738681,1650677760,1650707040,0.75,1004,60,10.26,7.64,247,13.21,"[{'id': 501, 'main': 'Rain', 'description': 'moderate rain', 'icon': '10d'}]",83,0.98,3.85,18.99,11.99,18.99,11.99,15.21,12.54,18.51,11.54,15.03,12.12,5.34,Day_5,,Eguisheim
48.0448,7.308,Europe/Paris,7200,1650798000,1650774284,1650825168,1650766440,1650798180,0.78,1011,77,5.94,4.1,214,8.99,"[{'id': 500, 'main': 'Rain', 'description': 'light rain', 'icon': '10d'}]",100,1.0,4.0,10.65,8.78,11.99,10.05,10.4,9.81,9.78,9.51,9.82,8.22,2.7,Day_6,,Eguisheim
48.0448,7.308,Europe/Paris,7200,1650884400,1650860577,1650911654,1650854520,1650889320,0.82,1013,77,9.89,1.73,36,3.46,"[{'id': 500, 'main': 'Rain', 'description': 'light rain', 'icon': '10d'}]",95,0.93,4.0,14.62,9.81,17.15,10.65,13.6,10.07,14.15,10.15,13.24,9.67,6.16,Day_7,,Eguisheim
43.7497,6.3286,Europe/Paris,7200,1650279600,1650257219,1650306043,1650314700,1650260580,0.56,1013,36,0.16,3.59,256,4.37,"[{'id': 803, 'main': 'Clouds', 'description': 'broken clouds', 'icon': '04d'}]",60,0.07,5.46,15.29,6.73,16.62,8.57,11.99,6.73,13.81,8.57,10.55,5.7,,Today,,Gorges du Verdon
43.7497,6.3286,Europe/Paris,7200,1650366000,1650343521,1650392515,0,1650348960,0.6,1008,28,-1.9,4.7,210,5.93,"[{'id': 803, 'main': 'Clouds', 'description': 'broken clouds', 'icon': '04d'}]",81,0.0,5.87,16.76,5.24,18.27,7.74,14.69,5.24,15.22,7.74,13.39,5.24,,Day_1,,Gorges du Verdon
43.7497,6.3286,Europe/Paris,7200,1650452400,1650429824,1650478987,1650405900,1650437880,0.64,1005,54,4.96,5.85,134,8.71,"[{'id': 501, 'main': 'Rain', 'description': 'moderate rain', 'icon': '10d'}]",100,1.0,4.17,14.34,5.89,15.55,7.09,8.87,5.89,13.24,5.34,7.04,4.54,9.9,Day_2,,Gorges du Verdon
43.7497,6.3286,Europe/Paris,7200,1650538800,1650516128,1650565459,1650496860,1650527520,0.67,999,47,2.58,2.36,49,4.4,"[{'id': 500, 'main': 'Rain', 'description': 'light rain', 'icon': '10d'}]",98,0.97,4.22,13.91,5.69,13.91,8.39,9.18,5.69,12.58,8.39,9.18,4.72,0.99,Day_3,,Gorges du Verdon
43.7497,6.3286,Europe/Paris,7200,1650625200,1650602433,1650651932,1650587220,1650617700,0.71,1005,39,1.63,5.16,179,5.36,"[{'id': 500, 'main': 'Rain', 'description': 'light rain', 'icon': '10d'}]",82,0.58,1.24,15.4,6.22,15.4,7.45,10.11,8.39,14.01,6.38,8.9,8.39,0.21,Day_4,,Gorges du Verdon
43.7497,6.3286,Europe/Paris,7200,1650711600,1650688738,1650738404,1650676800,1650708480,0.75,1008,47,3.72,7.58,139,13.32,"[{'id': 501, 'main': 'Rain', 'description': 'moderate rain', 'icon': '10d'}]",79,1.0,3.25,15.09,5.32,15.09,5.32,7.99,8.46,13.88,4.34,5.67,6.5,8.36,Day_5,,Gorges du Verdon
43.7497,6.3286,Europe/Paris,7200,1650798000,1650775045,1650824876,1650765720,1650799380,0.78,1011,51,3.62,7.3,304,13.92,"[{'id': 500, 'main': 'Rain', 'description': 'light rain', 'icon': '10d'}]",73,1.0,4.0,13.58,4.45,14.54,6.85,11.02,5.28,12.33,5.01,9.82,1.62,0.52,Day_6,,Gorges du Verdon
43.7497,6.3286,Europe/Paris,7200,1650884400,1650861353,1650911348,1650854040,1650890280,0.82,1012,46,5.06,3.83,194,3.67,"[{'id': 802, 'main': 'Clouds', 'description': 'scattered clouds', 'icon': '03d'}]",28,0.0,4.0,16.81,5.52,16.95,8.33,11.0,8.62,15.75,8.33,10.32,8.62,,Day_7,,Gorges du Verdon
45.1876,5.7358,Europe/Paris,7200,1650279600,1650257221,1650306325,1650315120,1650260520,0.56,1014,36,1.3,2.45,316,2.35,"[{'id': 802, 'main': 'Clouds', 'description': 'scattered clouds', 'icon': '03d'}]",29,0.0,5.53,19.01,7.29,20.05,12.67,15.47,7.29,17.91,11.56,14.25,6.76,,Today,,Grenoble
45.1876,5.7358,Europe/Paris,7200,1650366000,1650343519,1650392801,0,1650348840,0.6,1009,47,4.35,2.61,314,2.64,"[{'id': 804, 'main': 'Clouds', 'description': 'overcast clouds', 'icon': '04d'}]",96,0.0,5.24,18.32,8.46,19.34,10.99,16.91,8.48,17.43,10.21,16.12,8.48,,Day_1,,Grenoble
45.1876,5.7358,Europe/Paris,7200,1650452400,1650429817,1650479278,1650406440,1650437700,0.64,1006,64,6.56,2.48,31,2.93,"[{'id': 501, 'main': 'Rain', 'description': 'moderate rain', 'icon': '10d'}]",100,0.93,4.95,16.15,9.53,17.35,11.61,13.11,9.8,15.49,11.36,12.83,9.8,13.77,Day_2,,Grenoble
45.1876,5.7358,Europe/Paris,7200,1650538800,1650516117,1650565755,1650497460,1650527220,0.67,1000,51,5.91,2.35,328,2.45,"[{'id': 501, 'main': 'Rain', 'description': 'moderate rain', 'icon': '10d'}]",98,0.96,4.93,18.89,10.11,18.89,12.04,13.95,10.11,18.17,11.78,13.67,9.68,3.15,Day_3,,Grenoble
45.1876,5.7358,Europe/Paris,7200,1650625200,1650602417,1650652232,1650587760,1650617460,0.71,1001,44,5.63,3.86,205,5.68,"[{'id': 500, 'main': 'Rain', 'description': 'light rain', 'icon': '10d'}]",84,0.42,4.79,20.68,11.5,20.68,11.95,15.31,12.08,19.95,11.16,14.57,11.75,0.88,Day_4,,Grenoble
45.1876,5.7358,Europe/Paris,7200,1650711600,1650688718,1650738708,1650677340,1650708240,0.75,1003,49,5.15,4.48,175,6.67,"[{'id': 501, 'main': 'Rain', 'description': 'moderate rain', 'icon': '10d'}]",98,1.0,3.71,19.17,9.85,19.2,9.85,12.92,12.59,18.42,8.34,12.59,11.58,6.8,Day_5,,Grenoble
45.1876,5.7358,Europe/Paris,7200,1650798000,1650775021,1650825185,1650766140,1650799260,0.78,1015,86,6.81,2.53,172,5.12,"[{'id': 501, 'main': 'Rain', 'description': 'moderate rain', 'icon': '10d'}]",100,1.0,4.0,11.98,7.65,16.48,10.32,13.07,7.65,11.48,9.63,12.5,6.02,15.84,Day_6,,Grenoble
45.1876,5.7358,Europe/Paris,7200,1650884400,1650861324,1650911662,1650854400,1650890160,0.82,1011,41,5.27,1.44,144,2.66,"[{'id': 500, 'main': 'Rain', 'description': 'light rain', 'icon': '10d'}]",26,0.2,4.0,21.61,7.62,21.61,12.34,16.2,9.98,20.9,11.93,15.91,9.98,0.41,Day_7,,Grenoble
46.1591,-1.152,Europe/Paris,7200,1650283200,1650258774,1650308078,1650317100,1650262020,0.56,1017,75,10.7,7.29,296,9.79,"[{'id': 804, 'main': 'Clouds', 'description': 'overcast clouds', 'icon': '04d'}]",100,0.27,4.69,14.99,10.03,15.1,12.35,14.07,10.03,14.5,11.83,13.67,9.44,,Today,,La Rochelle
46.1591,-1.152,Europe/Paris,7200,1650369600,1650345068,1650394558,0,1650350280,0.6,1015,63,5.71,6.46,359,9.54,"[{'id': 500, 'main': 'Rain', 'description': 'light rain', 'icon': '10d'}]",100,0.47,4.69,12.5,8.85,13.44,10.61,12.17,8.85,11.45,9.76,11.3,5.77,0.56,Day_1,,La Rochelle
46.1591,-1.152,Europe/Paris,7200,1650456000,1650431363,1650481038,1650408420,1650439140,0.64,1008,81,9.38,9.46,355,13.37,"[{'id': 501, 'main': 'Rain', 'description': 'moderate rain', 'icon': '10d'}]",100,1.0,3.08,12.54,8.51,13.6,12.29,12.33,8.51,11.96,11.79,11.89,4.49,11.08,Day_2,,La Rochelle
46.1591,-1.152,Europe/Paris,7200,1650542400,1650517660,1650567518,1650499440,1650528660,0.67,1004,90,9.12,4.62,2,6.99,"[{'id': 500, 'main': 'Rain', 'description': 'light rain', 'icon': '10d'}]",100,0.7,5.01,10.66,10.61,11.95,10.63,11.22,10.65,10.13,10.12,10.62,10.04,2.56,Day_3,,La Rochelle
46.1591,-1.152,Europe/Paris,7200,1650628800,1650603957,1650653998,1650589800,1650618900,0.71,1000,86,9.6,6.64,157,9.63,"[{'id': 500, 'main': 'Rain', 'description': 'light rain', 'icon': '10d'}]",100,0.96,2.54,11.88,8.95,13.58,11.04,13.19,9.12,11.37,10.39,12.52,6.1,2.31,Day_4,,La Rochelle
46.1591,-1.152,Europe/Paris,7200,1650715200,1650690255,1650740478,1650679320,1650709680,0.75,998,79,9.15,8.45,269,13.07,"[{'id': 500, 'main': 'Rain', 'description': 'light rain', 'icon': '10d'}]",100,1.0,2.46,12.69,10.74,12.69,12.63,12.16,11.31,12.08,12.25,11.76,10.87,8.9,Day_5,,La Rochelle
46.1591,-1.152,Europe/Paris,7200,1650801600,1650776554,1650826958,1650768060,1650800760,0.78,1012,80,11.16,9.9,270,13.85,"[{'id': 500, 'main': 'Rain', 'description': 'light rain', 'icon': '10d'}]",64,0.65,3.0,14.59,12.12,14.65,12.12,13.95,12.75,14.19,11.58,13.57,12.4,0.56,Day_6,,La Rochelle
46.1591,-1.152,Europe/Paris,7200,1650888000,1650862854,1650913438,1650856260,1650891780,0.82,1011,69,10.94,5.71,100,9.24,"[{'id': 500, 'main': 'Rain', 'description': 'light rain', 'icon': '10d'}]",93,0.56,3.0,16.72,10.12,16.72,13.58,15.0,10.19,16.25,12.9,14.51,9.56,0.4,Day_7,,La Rochelle
49.4939,0.108,Europe/Paris,7200,1650279600,1650258103,1650308144,1650317520,1650261180,0.56,1018,82,8.61,4.32,317,6.42,"[{'id': 804, 'main': 'Clouds', 'description': 'overcast clouds', 'icon': '04d'}]",100,0.0,4.15,11.8,9.87,12.08,9.87,10.59,10.04,11.18,8.34,9.9,9.58,,Today,,Le Havre
49.4939,0.108,Europe/Paris,7200,1650366000,1650344385,1650394636,0,1650349200,0.6,1016,73,6.26,5.35,334,5.88,"[{'id': 802, 'main': 'Clouds', 'description': 'scattered clouds', 'icon': '03d'}]",47,0.07,4.81,11.1,8.9,11.1,9.24,10.48,8.9,10.17,7.19,9.49,7.24,,Day_1,,Le Havre
49.4939,0.108,Europe/Paris,7200,1650452400,1650430668,1650481129,1650409080,1650437820,0.64,1011,70,8.09,5.96,40,8.85,"[{'id': 500, 'main': 'Rain', 'description': 'light rain', 'icon': '10d'}]",100,0.31,3.92,13.49,9.24,14.96,11.05,13.25,9.3,12.72,10.3,12.72,7.36,0.33,Day_2,,Le Havre
49.4939,0.108,Europe/Paris,7200,1650538800,1650516952,1650567621,1650500220,1650527220,0.67,1005,58,5.39,6.94,43,10.59,"[{'id': 803, 'main': 'Clouds', 'description': 'broken clouds', 'icon': '04d'}]",84,0.0,4.83,13.85,8.21,13.85,10.26,11.22,8.21,12.81,9.48,10.46,6.23,,Day_3,,Le Havre
49.4939,0.108,Europe/Paris,7200,1650625200,1650603237,1650654113,1650590640,1650617460,0.71,1000,75,9.97,4.95,147,9.62,"[{'id': 501, 'main': 'Rain', 'description': 'moderate rain', 'icon': '10d'}]",97,1.0,4.6,14.43,9.22,14.43,11.36,12.63,10.1,13.89,10.93,12.27,9.23,13.37,Day_4,,Le Havre
49.4939,0.108,Europe/Paris,7200,1650711600,1650689523,1650740605,1650679980,1650708420,0.75,1000,70,10.22,4.62,131,5.6,"[{'id': 500, 'main': 'Rain', 'description': 'light rain', 'icon': '10d'}]",94,0.91,3.77,15.72,9.89,15.79,12.47,14.37,9.89,15.18,12.23,14.08,8.29,2.28,Day_5,,Le Havre
49.4939,0.108,Europe/Paris,7200,1650798000,1650775810,1650827097,1650768600,1650799680,0.78,1009,94,10.89,3.09,130,4.38,"[{'id': 500, 'main': 'Rain', 'description': 'light rain', 'icon': '10d'}]",100,0.78,4.0,11.97,10.99,12.66,11.29,12.04,10.99,11.68,10.77,11.68,10.6,2.73,Day_6,,Le Havre
49.4939,0.108,Europe/Paris,7200,1650884400,1650862098,1650913589,1650856620,1650890880,0.82,1012,66,7.59,3.64,42,5.11,"[{'id': 500, 'main': 'Rain', 'description': 'light rain', 'icon': '10d'}]",58,0.4,4.0,14.11,10.44,14.66,12.39,13.83,10.44,13.3,12.09,13.51,9.81,0.37,Day_7,,Le Havre
50.6366,3.0635,Europe/Paris,7200,1650279600,1650257256,1650307573,1650317040,1650260220,0.56,1017,40,3.26,3.74,166,9.65,"[{'id': 803, 'main': 'Clouds', 'description': 'broken clouds', 'icon': '04d'}]",69,0.0,4.2,16.82,7.76,18.17,12.99,16.12,7.76,15.6,12.07,15.15,5.7,,Today,,Lille
50.6366,3.0635,Europe/Paris,7200,1650366000,1650343533,1650394070,0,1650348180,0.6,1014,52,6.11,4.42,56,10.64,"[{'id': 804, 'main': 'Clouds', 'description': 'overcast clouds', 'icon': '04d'}]",100,0.17,3.52,15.81,8.52,17.64,13.02,16.1,8.52,14.8,11.94,15.12,7.74,,Day_1,,Lille
50.6366,3.0635,Europe/Paris,7200,1650452400,1650429811,1650480567,1650408720,1650436680,0.64,1013,46,3.39,5.73,72,11.54,"[{'id': 803, 'main': 'Clouds', 'description': 'broken clouds', 'icon': '04d'}]",81,0.0,4.18,14.89,8.42,15.9,9.98,15.09,8.42,13.64,7.67,13.99,6.16,,Day_2,,Lille
50.6366,3.0635,Europe/Paris,7200,1650538800,1650516091,1650567064,1650499920,1650526020,0.67,1006,48,4.0,5.79,64,11.96,"[{'id': 803, 'main': 'Clouds', 'description': 'broken clouds', 'icon': '04d'}]",54,0.0,4.32,14.87,5.17,16.29,11.52,13.93,5.17,13.67,10.4,12.84,2.15,,Day_3,,Lille
50.6366,3.0635,Europe/Paris,7200,1650625200,1650602371,1650653560,1650590340,1650616260,0.71,1003,54,6.47,5.98,85,10.51,"[{'id': 804, 'main': 'Clouds', 'description': 'overcast clouds', 'icon': '04d'}]",89,0.12,4.53,15.74,7.93,17.64,12.91,15.26,7.93,14.78,12.08,14.46,5.29,,Day_4,,Lille
50.6366,3.0635,Europe/Paris,7200,1650711600,1650688652,1650740057,1650679680,1650707280,0.75,1002,54,9.77,6.54,148,11.53,"[{'id': 500, 'main': 'Rain', 'description': 'light rain', 'icon': '10d'}]",70,1.0,2.93,19.24,10.21,19.24,12.33,15.95,11.2,18.63,11.99,15.45,10.78,4.6,Day_5,,Lille
50.6366,3.0635,Europe/Paris,7200,1650798000,1650774935,1650826554,1650768180,1650798600,0.78,1008,91,10.46,2.34,328,4.93,"[{'id': 500, 'main': 'Rain', 'description': 'light rain', 'icon': '10d'}]",100,0.59,3.0,11.96,10.91,12.55,10.91,12.55,11.61,11.59,10.43,12.11,11.23,0.73,Day_6,,Lille
50.6366,3.0635,Europe/Paris,7200,1650884400,1650861218,1650913050,1650856140,1650889920,0.82,1012,58,8.9,2.49,131,3.16,"[{'id': 500, 'main': 'Rain', 'description': 'light rain', 'icon': '10d'}]",93,0.75,3.0,17.35,9.61,17.35,12.2,15.41,10.62,16.66,11.62,14.86,10.04,0.95,Day_7,,Lille
45.7578,4.832,Europe/Paris,7200,1650279600,1650257381,1650306599,1650315480,1650260640,0.56,1015,38,2.42,2.9,17,5.74,"[{'id': 804, 'main': 'Clouds', 'description': 'overcast clouds', 'icon': '04d'}]",99,0.0,5.56,17.48,7.13,19.22,14.21,18.14,7.13,16.28,13.02,16.9,7.13,,Today,,Lyon
45.7578,4.832,Europe/Paris,7200,1650366000,1650343676,1650393078,0,1650348900,0.6,1011,46,5.43,2.98,21,6.34,"[{'id': 804, 'main': 'Clouds', 'description': 'overcast clouds', 'icon': '04d'}]",96,0.0,5.53,17.84,8.62,19.3,11.66,17.83,8.62,16.88,10.76,16.79,8.62,,Day_1,,Lyon
45.7578,4.832,Europe/Paris,7200,1650452400,1650429973,1650479556,1650406800,1650437760,0.64,1007,82,9.39,2.65,28,4.22,"[{'id': 500, 'main': 'Rain', 'description': 'light rain', 'icon': '10d'}]",100,0.6,4.7,12.92,8.37,16.92,12.07,15.46,8.37,12.41,11.71,14.78,8.37,1.34,Day_2,,Lyon
45.7578,4.832,Europe/Paris,7200,1650538800,1650516270,1650566035,1650497820,1650527280,0.67,1002,61,8.76,2.99,355,7.45,"[{'id': 500, 'main': 'Rain', 'description': 'light rain', 'icon': '10d'}]",97,0.87,4.45,16.83,10.28,17.42,12.06,14.88,10.29,16.16,11.41,14.23,9.91,3.72,Day_3,,Lyon
45.7578,4.832,Europe/Paris,7200,1650625200,1650602569,1650652514,1650588180,1650617520,0.71,1001,43,6.24,7.73,194,15.04,"[{'id': 804, 'main': 'Clouds', 'description': 'overcast clouds', 'icon': '04d'}]",99,0.16,4.44,19.63,9.78,19.63,14.62,16.34,10.69,18.77,13.6,15.34,10.01,,Day_4,,Lyon
45.7578,4.832,Europe/Paris,7200,1650711600,1650688868,1650738992,1650677700,1650708300,0.75,1002,48,7.34,8.86,172,21.37,"[{'id': 501, 'main': 'Rain', 'description': 'moderate rain', 'icon': '10d'}]",99,0.97,2.67,19.1,9.44,19.1,9.44,11.69,13.05,18.32,8.36,11.06,11.93,4.24,Day_5,,Lyon
45.7578,4.832,Europe/Paris,7200,1650798000,1650775169,1650825471,1650766500,1650799380,0.78,1013,70,8.63,3.24,160,8.88,"[{'id': 501, 'main': 'Rain', 'description': 'moderate rain', 'icon': '10d'}]",96,1.0,3.0,14.52,8.14,17.73,10.83,13.78,8.24,13.86,10.24,13.22,6.25,9.67,Day_6,,Lyon
45.7578,4.832,Europe/Paris,7200,1650884400,1650861470,1650911949,1650854760,1650890340,0.82,1012,49,8.18,2.18,194,5.45,"[{'id': 802, 'main': 'Clouds', 'description': 'scattered clouds', 'icon': '03d'}]",27,0.11,3.0,19.5,8.74,20.19,14.11,17.74,9.94,18.79,13.4,17.16,9.94,,Day_7,,Lyon
43.2962,5.37,Europe/Paris,7200,1650279600,1650257491,1650306231,1650314880,1650260880,0.56,1015,61,7.72,3.89,189,3.92,"[{'id': 804, 'main': 'Clouds', 'description': 'overcast clouds', 'icon': '04d'}]",100,0.0,5.58,15.86,13.77,16.96,15.65,16.69,13.77,15.09,15.1,16.16,12.87,,Today,,Marseille
43.2962,5.37,Europe/Paris,7200,1650366000,1650343794,1650392701,0,1650349320,0.6,1010,49,6.38,6.75,256,8.59,"[{'id': 803, 'main': 'Clouds', 'description': 'broken clouds', 'icon': '04d'}]",54,0.0,6.11,18.26,13.75,18.41,14.9,16.72,13.75,17.42,14.43,16.17,13.03,,Day_1,,Marseille
43.2962,5.37,Europe/Paris,7200,1650452400,1650430099,1650479172,1650406080,1650438240,0.64,1005,60,9.5,9.54,130,13.36,"[{'id': 502, 'main': 'Rain', 'description': 'heavy intensity rain', 'icon': '10d'}]",100,1.0,3.89,17.87,13.69,17.87,14.08,13.69,14.0,17.28,13.66,13.44,13.52,20.23,Day_2,,Marseille
43.2962,5.37,Europe/Paris,7200,1650538800,1650516404,1650565643,1650496980,1650527880,0.67,1000,63,9.25,5.44,93,10.28,"[{'id': 500, 'main': 'Rain', 'description': 'light rain', 'icon': '10d'}]",99,0.86,4.36,16.84,14.0,16.84,14.49,14.99,14.0,16.22,14.16,14.58,13.28,1.6,Day_3,,Marseille
43.2962,5.37,Europe/Paris,7200,1650625200,1650602710,1650652114,1650587280,1650618120,0.71,1005,68,9.83,8.48,141,10.44,"[{'id': 500, 'main': 'Rain', 'description': 'light rain', 'icon': '10d'}]",93,0.58,5.61,16.46,13.6,16.5,15.15,15.7,13.72,15.94,14.84,15.41,13.31,0.52,Day_4,,Marseille
43.2962,5.37,Europe/Paris,7200,1650711600,1650689018,1650738585,1650676920,1650708780,0.75,1006,60,8.77,13.87,125,18.07,"[{'id': 500, 'main': 'Rain', 'description': 'light rain', 'icon': '10d'}]",71,1.0,3.42,17.16,12.81,17.16,12.81,14.06,14.96,16.5,12.1,13.53,14.76,6.12,Day_5,,Marseille
43.2962,5.37,Europe/Paris,7200,1650798000,1650775326,1650825056,1650765840,1650799740,0.78,1014,63,8.62,6.98,303,12.46,"[{'id': 801, 'main': 'Clouds', 'description': 'few clouds', 'icon': '02d'}]",13,0.79,4.0,16.36,11.78,16.67,15.41,16.09,13.4,15.7,14.81,15.43,12.78,,Day_6,,Marseille
43.2962,5.37,Europe/Paris,7200,1650884400,1650861635,1650911527,1650854220,1650890580,0.82,1013,58,8.38,5.21,155,6.6,"[{'id': 802, 'main': 'Clouds', 'description': 'scattered clouds', 'icon': '03d'}]",25,0.0,4.0,17.45,13.93,17.45,15.29,16.0,14.03,16.77,14.99,15.59,13.26,,Day_7,,Marseille
52.5094,4.9369,Europe/Amsterdam,7200,1650279600,1650256562,1650307367,1650317100,1650259380,0.56,1018,39,2.73,3.87,181,10.08,"[{'id': 804, 'main': 'Clouds', 'description': 'overcast clouds', 'icon': '04d'}]",97,0.0,4.02,16.75,7.03,17.4,12.9,16.05,7.03,15.5,11.86,15.15,4.54,,Today,,Mont Saint Michel
52.5094,4.9369,Europe/Amsterdam,7200,1650366000,1650342831,1650393872,0,1650347160,0.6,1016,52,4.7,5.53,63,11.38,"[{'id': 804, 'main': 'Clouds', 'description': 'overcast clouds', 'icon': '04d'}]",100,0.0,3.45,14.61,8.23,15.49,10.44,13.68,8.23,13.48,9.55,12.59,6.41,,Day_1,,Mont Saint Michel
52.5094,4.9369,Europe/Amsterdam,7200,1650452400,1650429102,1650480377,1650408900,1650435540,0.64,1016,60,4.35,7.15,64,11.61,"[{'id': 800, 'main': 'Clear', 'description': 'clear sky', 'icon': '01d'}]",4,0.0,4.02,11.86,6.56,13.27,10.05,11.11,6.57,10.67,8.78,10.1,3.16,,Day_2,,Mont Saint Michel
52.5094,4.9369,Europe/Amsterdam,7200,1650538800,1650515373,1650566882,1650500220,1650524760,0.67,1010,80,5.43,6.98,74,12.14,"[{'id': 804, 'main': 'Clouds', 'description': 'overcast clouds', 'icon': '04d'}]",100,0.18,3.79,8.76,7.62,9.94,7.92,9.54,7.89,5.73,4.27,6.54,4.39,,Day_3,,Mont Saint Michel
52.5094,4.9369,Europe/Amsterdam,7200,1650625200,1650601645,1650653387,1650590640,1650615000,0.71,1007,60,6.76,7.84,82,13.13,"[{'id': 803, 'main': 'Clouds', 'description': 'broken clouds', 'icon': '04d'}]",60,0.0,4.32,14.53,6.65,15.49,10.9,13.12,7.26,13.61,10.03,12.32,3.32,,Day_4,,Mont Saint Michel
52.5094,4.9369,Europe/Amsterdam,7200,1650711600,1650687918,1650739892,1650679920,1650706140,0.75,1006,67,9.57,7.11,84,13.02,"[{'id': 500, 'main': 'Rain', 'description': 'light rain', 'icon': '10d'}]",100,0.65,4.19,15.79,8.86,17.23,12.75,14.64,9.54,15.17,12.43,14.27,6.42,0.97,Day_5,,Mont Saint Michel
52.5094,4.9369,Europe/Amsterdam,7200,1650798000,1650774192,1650826397,1650768300,1650797580,0.78,1010,60,8.52,7.57,87,13.35,"[{'id': 803, 'main': 'Clouds', 'description': 'broken clouds', 'icon': '04d'}]",69,0.22,5.0,16.41,11.06,16.41,13.33,14.84,11.06,15.67,12.78,14.29,10.18,,Day_6,,Mont Saint Michel
52.5094,4.9369,Europe/Amsterdam,7200,1650884400,1650860467,1650912902,1650856080,1650889080,0.82,1015,65,8.19,4.37,84,8.94,"[{'id': 803, 'main': 'Clouds', 'description': 'broken clouds', 'icon': '04d'}]",84,0.31,5.0,14.63,9.89,17.26,12.81,14.41,10.8,13.85,12.1,13.73,10.1,,Day_7,,Mont Saint Michel
44.0176,1.355,Europe/Paris,7200,1650279600,1650258386,1650307263,1650316020,1650261780,0.56,1017,63,10.17,5.16,268,11.6,"[{'id': 803, 'main': 'Clouds', 'description': 'broken clouds', 'icon': '04d'}]",64,0.0,6.19,17.27,9.35,19.15,13.84,17.27,9.38,16.7,13.42,16.88,7.95,,Today,,Montauban
44.0176,1.355,Europe/Paris,7200,1650366000,1650344687,1650393736,0,1650350160,0.6,1014,78,9.45,7.13,262,10.97,"[{'id': 501, 'main': 'Rain', 'description': 'moderate rain', 'icon': '10d'}]",100,1.0,4.71,13.23,9.01,14.27,9.21,10.23,9.54,12.65,6.85,9.79,7.82,7.03,Day_1,,Montauban
44.0176,1.355,Europe/Paris,7200,1650452400,1650430989,1650480209,1650407220,1650439080,0.64,1007,95,7.46,4.97,233,7.72,"[{'id': 501, 'main': 'Rain', 'description': 'moderate rain', 'icon': '10d'}]",100,1.0,1.64,8.28,7.96,9.65,8.52,9.13,8.1,5.45,8.52,7.58,5.98,9.73,Day_2,,Montauban
44.0176,1.355,Europe/Paris,7200,1650538800,1650517292,1650566682,1650498180,1650528660,0.67,1005,92,8.2,4.93,241,7.97,"[{'id': 500, 'main': 'Rain', 'description': 'light rain', 'icon': '10d'}]",99,0.48,2.41,9.46,7.95,10.42,9.49,10.3,7.95,6.94,8.45,9.71,7.95,0.32,Day_3,,Montauban
44.0176,1.355,Europe/Paris,7200,1650625200,1650603596,1650653155,1650588540,1650618900,0.71,1000,56,7.96,3.66,101,6.86,"[{'id': 500, 'main': 'Rain', 'description': 'light rain', 'icon': '10d'}]",100,0.36,4.81,16.78,6.26,17.79,11.11,15.45,7.12,15.98,10.5,14.77,5.35,0.25,Day_4,,Montauban
44.0176,1.355,Europe/Paris,7200,1650711600,1650689901,1650739628,1650678120,1650709620,0.75,999,84,7.93,10.19,250,17.03,"[{'id': 501, 'main': 'Rain', 'description': 'moderate rain', 'icon': '10d'}]",100,1.0,3.07,10.56,8.3,14.6,9.24,8.95,10.52,9.86,6.43,4.78,9.9,7.49,Day_5,,Montauban
44.0176,1.355,Europe/Paris,7200,1650798000,1650776207,1650826101,1650766980,1650800580,0.78,1014,57,8.97,6.2,254,16.01,"[{'id': 804, 'main': 'Clouds', 'description': 'overcast clouds', 'icon': '04d'}]",95,0.73,4.0,17.59,7.55,18.87,11.28,15.44,7.55,16.89,10.47,14.92,6.64,,Day_6,,Montauban
44.0176,1.355,Europe/Paris,7200,1650884400,1650862514,1650912574,1650855300,1650891480,0.82,1010,49,9.88,3.14,129,4.24,"[{'id': 500, 'main': 'Rain', 'description': 'light rain', 'icon': '10d'}]",100,0.79,4.0,21.03,8.79,21.79,11.14,15.55,9.9,20.47,10.71,15.2,8.88,1.57,Day_7,,Montauban
43.8374,4.3601,Europe/Paris,7200,1650279600,1650257682,1650306524,1650315240,1650261060,0.56,1015,35,4.04,4.8,202,5.89,"[{'id': 804, 'main': 'Clouds', 'description': 'overcast clouds', 'icon': '04d'}]",100,0.0,5.97,19.87,10.07,21.81,15.34,19.09,10.07,18.83,14.6,18.44,8.86,,Today,,Nîmes
43.8374,4.3601,Europe/Paris,7200,1650366000,1650343984,1650392996,0,1650349440,0.6,1010,31,3.83,3.51,193,3.79,"[{'id': 803, 'main': 'Clouds', 'description': 'broken clouds', 'icon': '04d'}]",84,0.0,5.99,21.63,10.48,23.14,15.9,19.6,10.48,20.66,15.03,18.84,9.31,,Day_1,,Nîmes
43.8374,4.3601,Europe/Paris,7200,1650452400,1650430287,1650479469,1650406440,1650438360,0.64,1005,64,9.96,5.41,146,10.12,"[{'id': 502, 'main': 'Rain', 'description': 'heavy intensity rain', 'icon': '10d'}]",100,1.0,2.78,16.85,11.9,16.85,11.9,12.07,12.45,16.26,11.65,11.79,11.92,28.63,Day_2,,Nîmes
43.8374,4.3601,Europe/Paris,7200,1650538800,1650516590,1650565941,1650497400,1650527940,0.67,1001,57,9.11,4.43,270,4.98,"[{'id': 501, 'main': 'Rain', 'description': 'moderate rain', 'icon': '10d'}]",94,1.0,4.54,17.91,11.43,19.28,13.58,16.33,11.43,17.24,12.85,15.69,10.98,4.12,Day_3,,Nîmes
43.8374,4.3601,Europe/Paris,7200,1650625200,1650602895,1650652414,1650587700,1650618180,0.71,1003,54,9.06,8.68,160,12.76,"[{'id': 500, 'main': 'Rain', 'description': 'light rain', 'icon': '10d'}]",100,0.25,4.1,18.53,10.26,18.53,13.78,15.08,10.98,17.85,13.3,14.58,10.41,0.21,Day_4,,Nîmes
43.8374,4.3601,Europe/Paris,7200,1650711600,1650689201,1650738886,1650677340,1650708900,0.75,1003,62,9.02,13.58,142,19.94,"[{'id': 500, 'main': 'Rain', 'description': 'light rain', 'icon': '10d'}]",94,0.96,4.06,16.51,9.75,16.51,9.75,13.5,13.9,15.84,6.92,12.89,13.7,9.91,Day_5,,Nîmes
43.8374,4.3601,Europe/Paris,7200,1650798000,1650775507,1650825359,1650766200,1650799860,0.78,1013,43,6.55,5.21,236,11.19,"[{'id': 803, 'main': 'Clouds', 'description': 'broken clouds', 'icon': '04d'}]",54,0.71,5.0,19.58,9.82,20.75,13.44,16.34,10.78,18.72,12.62,15.6,9.9,,Day_6,,Nîmes
43.8374,4.3601,Europe/Paris,7200,1650884400,1650861815,1650911831,1650854520,1650890760,0.82,1012,41,7.38,5.86,189,6.02,"[{'id': 803, 'main': 'Clouds', 'description': 'broken clouds', 'icon': '04d'}]",72,0.0,5.0,21.11,10.92,21.11,12.29,15.74,11.88,20.35,11.64,14.91,10.98,,Day_7,,Nîmes
48.8535,2.3484,Europe/Paris,7200,1650279600,1650257641,1650307531,1650316800,1650260760,0.56,1017,37,2.45,3.01,349,8.2,"[{'id': 803, 'main': 'Clouds', 'description': 'broken clouds', 'icon': '04d'}]",81,0.0,4.63,17.55,9.72,19.17,15.25,18.16,9.72,16.33,14.32,17.0,9.35,,Today,,Paris
48.8535,2.3484,Europe/Paris,7200,1650366000,1650343925,1650394021,0,1650348780,0.6,1014,55,5.29,4.04,348,8.3,"[{'id': 500, 'main': 'Rain', 'description': 'light rain', 'icon': '10d'}]",99,0.38,4.31,14.58,9.18,16.81,12.02,15.69,9.18,13.53,11.34,14.78,7.82,0.2,Day_1,,Paris
48.8535,2.3484,Europe/Paris,7200,1650452400,1650430211,1650480510,1650408300,1650437460,0.64,1010,45,4.12,5.1,62,7.12,"[{'id': 804, 'main': 'Clouds', 'description': 'overcast clouds', 'icon': '04d'}]",100,0.04,4.8,16.25,9.62,17.42,13.03,15.85,9.62,15.11,12.03,14.74,8.64,,Day_2,,Paris
48.8535,2.3484,Europe/Paris,7200,1650538800,1650516497,1650567000,1650499440,1650526860,0.67,1004,38,2.23,3.79,71,6.69,"[{'id': 804, 'main': 'Clouds', 'description': 'overcast clouds', 'icon': '04d'}]",89,0.0,4.89,16.6,8.35,17.36,13.64,15.53,8.35,15.31,12.7,14.47,6.88,,Day_3,,Paris
48.8535,2.3484,Europe/Paris,7200,1650625200,1650602785,1650653490,1650589800,1650617100,0.71,1000,48,8.08,3.97,122,5.25,"[{'id': 501, 'main': 'Rain', 'description': 'moderate rain', 'icon': '10d'}]",79,1.0,4.66,19.56,10.51,19.56,14.07,15.08,10.71,18.82,13.8,14.86,9.79,8.52,Day_4,,Paris
48.8535,2.3484,Europe/Paris,7200,1650711600,1650689073,1650739979,1650679260,1650708060,0.75,1000,50,8.47,5.96,123,11.27,"[{'id': 500, 'main': 'Rain', 'description': 'light rain', 'icon': '10d'}]",91,1.0,3.85,19.27,11.39,19.27,13.61,14.52,11.71,18.56,13.22,14.09,11.29,3.1,Day_5,,Paris
48.8535,2.3484,Europe/Paris,7200,1650798000,1650775363,1650826469,1650767880,1650799260,0.78,1009,77,8.22,4.64,132,9.01,"[{'id': 500, 'main': 'Rain', 'description': 'light rain', 'icon': '10d'}]",100,0.65,4.0,12.51,10.13,12.89,11.96,11.9,10.38,11.83,11.61,11.44,9.69,1.0,Day_6,,Paris
48.8535,2.3484,Europe/Paris,7200,1650884400,1650861653,1650912958,1650855900,1650890460,0.82,1012,55,9.2,1.36,95,2.94,"[{'id': 500, 'main': 'Rain', 'description': 'light rain', 'icon': '10d'}]",70,0.57,4.0,18.71,11.63,20.1,15.17,17.91,11.72,18.07,14.73,17.3,11.43,3.92,Day_7,,Paris
49.4412,1.0852,Europe/Paris,7200,1650279600,1650257875,1650307903,1650317280,1650260940,0.56,1017,73,9.53,4.24,332,6.33,"[{'id': 804, 'main': 'Clouds', 'description': 'overcast clouds', 'icon': '04d'}]",100,0.0,3.05,14.87,7.34,15.28,11.3,13.55,7.34,14.32,10.44,12.89,6.3,,Today,,Rouen
49.4412,1.0852,Europe/Paris,7200,1650366000,1650344157,1650394395,0,1650348960,0.6,1015,64,6.44,5.03,346,7.5,"[{'id': 804, 'main': 'Clouds', 'description': 'overcast clouds', 'icon': '04d'}]",100,0.01,3.09,13.56,7.78,14.61,7.78,12.13,8.03,12.64,5.71,11.36,6.88,,Day_1,,Rouen
49.4412,1.0852,Europe/Paris,7200,1650452400,1650430440,1650480887,1650408840,1650437580,0.64,1010,61,8.14,5.32,76,10.1,"[{'id': 804, 'main': 'Clouds', 'description': 'overcast clouds', 'icon': '04d'}]",93,0.0,4.53,16.2,7.59,17.1,9.87,14.47,7.93,15.47,8.19,13.72,6.18,,Day_2,,Rouen
49.4412,1.0852,Europe/Paris,7200,1650538800,1650516725,1650567379,1650499980,1650526980,0.67,1005,51,4.84,4.72,77,7.92,"[{'id': 803, 'main': 'Clouds', 'description': 'broken clouds', 'icon': '04d'}]",52,0.0,4.78,15.13,5.97,15.71,9.06,13.1,5.97,14.03,7.11,12.35,3.83,,Day_3,,Rouen
49.4412,1.0852,Europe/Paris,7200,1650625200,1650603010,1650653871,1650590340,1650617220,0.71,1000,64,10.44,4.85,116,8.54,"[{'id': 501, 'main': 'Rain', 'description': 'moderate rain', 'icon': '10d'}]",77,0.96,4.67,17.71,8.16,17.71,11.25,12.73,8.78,17.21,10.91,12.54,6.75,10.33,Day_4,,Rouen
49.4412,1.0852,Europe/Paris,7200,1650711600,1650689296,1650740363,1650679740,1650708180,0.75,1000,67,10.53,5.43,136,8.46,"[{'id': 500, 'main': 'Rain', 'description': 'light rain', 'icon': '10d'}]",85,1.0,3.45,17.14,9.59,17.89,11.79,14.68,9.97,16.66,11.48,14.48,8.7,3.33,Day_5,,Rouen
49.4412,1.0852,Europe/Paris,7200,1650798000,1650775583,1650826855,1650768360,1650799440,0.78,1009,95,10.22,5.01,93,10.92,"[{'id': 501, 'main': 'Rain', 'description': 'moderate rain', 'icon': '10d'}]",100,0.98,4.0,11.56,9.36,12.66,11.42,12.3,9.95,11.25,11.18,12.14,9.95,16.43,Day_6,,Rouen
49.4412,1.0852,Europe/Paris,7200,1650884400,1650861872,1650913346,1650856380,1650890640,0.82,1012,63,9.38,2.04,77,2.43,"[{'id': 500, 'main': 'Rain', 'description': 'light rain', 'icon': '10d'}]",85,0.36,4.0,16.93,10.37,18.51,12.76,15.76,10.55,16.32,12.36,15.32,10.06,0.11,Day_7,,Rouen
48.6495,-2.026,Europe/Paris,7200,1650283200,1650258713,1650308559,1650317880,1650261840,0.56,1019,74,7.09,5.52,310,9.18,"[{'id': 804, 'main': 'Clouds', 'description': 'overcast clouds', 'icon': '04d'}]",100,0.0,5.03,11.77,9.87,12.29,10.51,12.29,9.94,10.93,9.63,11.19,7.94,,Today,,Saint-Malo
48.6495,-2.026,Europe/Paris,7200,1650369600,1650344998,1650395047,0,1650349920,0.6,1017,66,4.55,5.34,343,6.79,"[{'id': 802, 'main': 'Clouds', 'description': 'scattered clouds', 'icon': '03d'}]",42,0.0,4.92,10.71,8.4,10.84,8.63,9.69,8.52,9.56,5.85,7.08,6.01,,Day_1,,Saint-Malo
48.6495,-2.026,Europe/Paris,7200,1650456000,1650431284,1650481536,1650409380,1650438600,0.64,1011,82,9.07,6.42,347,7.98,"[{'id': 500, 'main': 'Rain', 'description': 'light rain', 'icon': '10d'}]",100,0.31,4.46,12.23,8.55,13.13,10.31,11.91,9.66,11.65,9.8,11.3,7.25,0.21,Day_2,,Saint-Malo
48.6495,-2.026,Europe/Paris,7200,1650542400,1650517572,1650568025,1650500460,1650528060,0.67,1004,71,8.47,6.68,58,9.42,"[{'id': 500, 'main': 'Rain', 'description': 'light rain', 'icon': '10d'}]",76,0.65,4.94,13.61,9.86,14.05,9.86,12.98,10.09,12.88,7.0,12.34,9.43,2.36,Day_3,,Saint-Malo
48.6495,-2.026,Europe/Paris,7200,1650628800,1650603860,1650654514,1650590820,1650618300,0.71,998,74,9.37,7.89,151,10.39,"[{'id': 500, 'main': 'Rain', 'description': 'light rain', 'icon': '10d'}]",100,1.0,4.4,13.92,8.65,13.92,9.33,11.66,9.68,13.3,7.47,11.05,7.27,2.52,Day_4,,Saint-Malo
48.6495,-2.026,Europe/Paris,7200,1650715200,1650690149,1650741003,1650680280,1650709200,0.75,999,90,9.63,5.21,93,9.06,"[{'id': 500, 'main': 'Rain', 'description': 'light rain', 'icon': '10d'}]",100,0.96,4.42,11.28,8.52,14.36,11.68,13.61,9.73,10.81,11.23,13.17,7.75,4.54,Day_5,,Saint-Malo
48.6495,-2.026,Europe/Paris,7200,1650801600,1650776439,1650827492,1650768900,1650800400,0.78,1010,73,9.31,6.37,259,10.31,"[{'id': 500, 'main': 'Rain', 'description': 'light rain', 'icon': '10d'}]",53,0.2,5.0,14.3,9.71,14.3,11.11,13.44,9.71,13.69,10.47,12.9,7.25,0.1,Day_6,,Saint-Malo
48.6495,-2.026,Europe/Paris,7200,1650888000,1650862731,1650913980,1650856980,1650891600,0.82,1011,70,9.99,3.46,118,5.0,"[{'id': 501, 'main': 'Rain', 'description': 'moderate rain', 'icon': '10d'}]",100,0.95,5.0,15.57,9.85,15.57,13.01,13.35,10.02,15.01,12.59,13.09,9.4,5.08,Day_7,,Saint-Malo
43.4523,4.4287,Europe/Paris,7200,1650279600,1650257702,1650306471,1650315120,1650261120,0.56,1015,53,6.91,4.77,172,6.72,"[{'id': 804, 'main': 'Clouds', 'description': 'overcast clouds', 'icon': '04d'}]",93,0.0,5.57,16.75,11.82,19.57,16.33,18.73,11.82,15.86,16.06,18.54,10.83,,Today,,Saintes-Maries-de-la-Mer
43.4523,4.4287,Europe/Paris,7200,1650366000,1650344005,1650392943,0,1650349500,0.6,1010,56,7.45,9.69,246,13.13,"[{'id': 803, 'main': 'Clouds', 'description': 'broken clouds', 'icon': '04d'}]",82,0.0,5.28,16.84,12.36,16.93,14.25,15.5,12.36,16.04,13.74,15.01,11.43,,Day_1,,Saintes-Maries-de-la-Mer
43.4523,4.4287,Europe/Paris,7200,1650452400,1650430309,1650479414,1650406320,1650438480,0.64,1005,71,10.56,9.83,137,12.35,"[{'id': 501, 'main': 'Rain', 'description': 'moderate rain', 'icon': '10d'}]",100,1.0,3.2,15.86,12.74,15.86,13.35,13.05,12.74,15.36,13.01,12.79,12.34,12.44,Day_2,,Saintes-Maries-de-la-Mer
43.4523,4.4287,Europe/Paris,7200,1650538800,1650516614,1650565885,1650497280,1650528060,0.67,1002,71,10.04,7.08,252,8.65,"[{'id': 500, 'main': 'Rain', 'description': 'light rain', 'icon': '10d'}]",96,1.0,4.04,15.39,12.48,16.27,13.89,15.7,12.66,14.84,13.42,15.18,12.25,4.72,Day_3,,Saintes-Maries-de-la-Mer
43.4523,4.4287,Europe/Paris,7200,1650625200,1650602920,1650652356,1650587580,1650618300,0.71,1003,76,11.73,9.77,152,14.41,"[{'id': 804, 'main': 'Clouds', 'description': 'overcast clouds', 'icon': '04d'}]",100,0.15,5.34,16.1,12.88,16.29,15.16,15.12,14.03,15.75,14.79,14.85,13.71,,Day_4,,Saintes-Maries-de-la-Mer
43.4523,4.4287,Europe/Paris,7200,1650711600,1650689226,1650738828,1650677220,1650709020,0.75,1004,77,11.63,15.77,141,20.33,"[{'id': 500, 'main': 'Rain', 'description': 'light rain', 'icon': '10d'}]",81,0.73,4.82,15.48,12.07,15.92,12.07,15.02,14.64,15.09,11.21,14.43,14.48,2.96,Day_5,,Saintes-Maries-de-la-Mer
43.4523,4.4287,Europe/Paris,7200,1650798000,1650775534,1650825299,1650766080,1650799920,0.78,1014,63,8.63,7.69,259,13.4,"[{'id': 802, 'main': 'Clouds', 'description': 'scattered clouds', 'icon': '03d'}]",44,0.54,5.0,15.99,12.32,15.99,14.74,15.71,14.07,15.29,14.23,15.14,13.46,,Day_6,,Saintes-Maries-de-la-Mer
43.4523,4.4287,Europe/Paris,7200,1650884400,1650861843,1650911770,1650854460,1650890760,0.82,1013,60,9.18,5.14,172,6.67,"[{'id': 803, 'main': 'Clouds', 'description': 'broken clouds', 'icon': '04d'}]",81,0.0,5.0,17.14,13.23,17.14,14.62,15.53,13.23,16.48,14.2,15.07,12.44,,Day_7,,Saintes-Maries-de-la-Mer
48.5846,7.7507,Europe/Paris,7200,1650279600,1650256377,1650306202,1650315360,1650259440,0.56,1017,43,2.42,3.65,15,6.64,"[{'id': 800, 'main': 'Clear', 'description': 'clear sky', 'icon': '01d'}]",1,0.0,4.61,15.01,4.27,16.99,12.11,16.58,4.27,13.69,10.86,15.31,4.27,,Today,,Strasbourg
48.5846,7.7507,Europe/Paris,7200,1650366000,1650342662,1650392691,0,1650347580,0.6,1012,50,5.22,4.31,31,6.11,"[{'id': 802, 'main': 'Clouds', 'description': 'scattered clouds', 'icon': '03d'}]",26,0.0,4.58,15.49,5.59,16.87,9.62,14.72,5.59,14.4,8.93,13.68,5.59,,Day_1,,Strasbourg
48.5846,7.7507,Europe/Paris,7200,1650452400,1650428949,1650479180,1650406860,1650436200,0.64,1009,45,2.51,4.94,38,7.22,"[{'id': 804, 'main': 'Clouds', 'description': 'overcast clouds', 'icon': '04d'}]",97,0.0,4.41,14.08,5.71,15.63,8.53,13.69,5.71,12.72,7.14,12.52,3.0,,Day_2,,Strasbourg
48.5846,7.7507,Europe/Paris,7200,1650538800,1650515236,1650565668,1650498000,1650525600,0.67,1004,53,5.43,3.82,18,7.25,"[{'id': 804, 'main': 'Clouds', 'description': 'overcast clouds', 'icon': '04d'}]",96,0.0,4.69,14.89,5.13,16.94,10.74,13.64,5.13,13.82,9.96,12.89,3.62,,Day_3,,Strasbourg
48.5846,7.7507,Europe/Paris,7200,1650625200,1650601525,1650652157,1650588360,1650615840,0.71,1002,56,8.43,2.91,16,5.49,"[{'id': 804, 'main': 'Clouds', 'description': 'overcast clouds', 'icon': '04d'}]",94,0.03,5.0,17.31,7.58,18.65,11.83,15.21,8.25,16.56,11.26,14.67,6.47,,Day_4,,Strasbourg
48.5846,7.7507,Europe/Paris,7200,1650711600,1650687814,1650738645,1650677820,1650706800,0.75,1004,60,10.68,3.49,40,5.88,"[{'id': 500, 'main': 'Rain', 'description': 'light rain', 'icon': '10d'}]",100,0.97,4.18,18.64,11.78,18.64,13.6,15.74,11.84,18.13,13.37,15.54,11.27,2.9,Day_5,,Strasbourg
48.5846,7.7507,Europe/Paris,7200,1650798000,1650774105,1650825134,1650766440,1650797940,0.78,1010,64,6.75,4.25,186,8.45,"[{'id': 501, 'main': 'Rain', 'description': 'moderate rain', 'icon': '10d'}]",98,1.0,5.0,13.34,9.35,13.34,10.59,10.46,9.52,12.4,9.92,9.75,8.03,4.89,Day_6,,Strasbourg
48.5846,7.7507,Europe/Paris,7200,1650884400,1650860396,1650911623,1650854520,1650889140,0.82,1013,65,9.64,2.07,167,5.01,"[{'id': 500, 'main': 'Rain', 'description': 'light rain', 'icon': '10d'}]",93,0.8,5.0,16.25,9.8,17.34,11.07,14.58,10.17,15.63,10.48,13.97,9.7,1.19,Day_7,,Strasbourg
43.6007,1.4241,Europe/Paris,7200,1650279600,1650258409,1650307207,1650315960,1650261780,0.56,1017,56,8.6,6.35,267,12.67,"[{'id': 803, 'main': 'Clouds', 'description': 'broken clouds', 'icon': '04d'}]",55,0.0,6.15,17.72,10.59,19.41,15.36,18.29,11.39,17.01,15.01,18.05,10.93,,Today,,Toulouse
43.6007,1.4241,Europe/Paris,7200,1650366000,1650344711,1650393679,0,1650350220,0.6,1014,81,8.15,5.87,260,10.83,"[{'id': 500, 'main': 'Rain', 'description': 'light rain', 'icon': '10d'}]",100,1.0,2.96,11.52,8.81,14.13,8.87,8.98,11.37,10.84,6.47,6.21,10.7,3.2,Day_1,,Toulouse
43.6007,1.4241,Europe/Paris,7200,1650452400,1650431015,1650480150,1650407100,1650439140,0.64,1008,94,6.49,5.37,241,9.05,"[{'id': 501, 'main': 'Rain', 'description': 'moderate rain', 'icon': '10d'}]",100,1.0,1.66,7.63,7.47,9.45,8.51,8.94,7.9,4.58,7.66,7.21,4.99,15.71,Day_2,,Toulouse
43.6007,1.4241,Europe/Paris,7200,1650538800,1650517319,1650566622,1650498060,1650528720,0.67,1005,86,7.46,6.14,263,9.5,"[{'id': 500, 'main': 'Rain', 'description': 'light rain', 'icon': '10d'}]",100,0.73,3.11,9.87,8.39,10.71,8.89,10.71,8.46,7.03,8.35,10.0,6.73,1.24,Day_3,,Toulouse
43.6007,1.4241,Europe/Paris,7200,1650625200,1650603624,1650653094,1650588360,1650619020,0.71,1000,52,6.82,3.87,131,7.94,"[{'id': 804, 'main': 'Clouds', 'description': 'overcast clouds', 'icon': '04d'}]",100,0.07,5.03,16.92,6.5,18.03,11.24,15.33,7.46,16.03,10.51,14.75,5.67,,Day_4,,Toulouse
43.6007,1.4241,Europe/Paris,7200,1650711600,1650689930,1650739566,1650678000,1650709740,0.75,999,75,7.45,9.57,262,17.36,"[{'id': 500, 'main': 'Rain', 'description': 'light rain', 'icon': '10d'}]",100,1.0,2.26,11.98,8.96,14.59,9.38,9.68,10.68,11.19,7.67,5.88,10.02,3.89,Day_5,,Toulouse
43.6007,1.4241,Europe/Paris,7200,1650798000,1650776238,1650826037,1650766860,1650800640,0.78,1014,50,7.87,3.03,212,5.57,"[{'id': 804, 'main': 'Clouds', 'description': 'overcast clouds', 'icon': '04d'}]",86,0.4,3.0,18.61,7.04,19.31,11.96,16.13,7.95,17.83,11.22,15.55,6.66,,Day_6,,Toulouse
43.6007,1.4241,Europe/Paris,7200,1650884400,1650862546,1650912509,1650855240,1650891540,0.82,1010,48,8.88,5.53,120,7.32,"[{'id': 500, 'main': 'Rain', 'description': 'light rain', 'icon': '10d'}]",100,0.77,3.0,20.28,9.6,20.4,10.95,15.0,10.37,19.62,10.24,14.54,9.53,1.93,Day_7,,Toulouse
44.0121,4.4197,Europe/Paris,7200,1650279600,1650257651,1650306526,1650315240,1650261000,0.56,1015,35,3.38,4.75,200,6.81,"[{'id': 804, 'main': 'Clouds', 'description': 'overcast clouds', 'icon': '04d'}]",100,0.0,5.91,19.1,8.88,21.42,14.78,18.95,8.88,17.98,13.91,18.21,8.13,,Today,,Uzès
44.0121,4.4197,Europe/Paris,7200,1650366000,1650343953,1650392999,0,1650349380,0.6,1009,34,4.37,3.42,46,4.16,"[{'id': 803, 'main': 'Clouds', 'description': 'broken clouds', 'icon': '04d'}]",83,0.0,6.08,20.89,9.19,22.71,15.97,18.74,9.19,19.92,14.88,17.9,8.14,,Day_1,,Uzès
44.0121,4.4197,Europe/Paris,7200,1650452400,1650430255,1650479472,1650406440,1650438300,0.64,1005,67,9.8,5.23,161,10.37,"[{'id': 502, 'main': 'Rain', 'description': 'heavy intensity rain', 'icon': '10d'}]",99,1.0,5.8,15.9,11.06,16.35,11.06,11.46,11.53,15.3,10.73,11.09,10.98,27.13,Day_2,,Uzès
44.0121,4.4197,Europe/Paris,7200,1650538800,1650516558,1650565945,1650497400,1650527880,0.67,1001,55,8.81,4.03,276,5.75,"[{'id': 501, 'main': 'Rain', 'description': 'moderate rain', 'icon': '10d'}]",96,1.0,4.65,17.96,10.7,19.25,12.91,15.81,10.7,17.25,12.19,15.17,10.18,2.2,Day_3,,Uzès
44.0121,4.4197,Europe/Paris,7200,1650625200,1650602862,1650652418,1650587760,1650618120,0.71,1003,54,8.59,8.86,162,12.73,"[{'id': 500, 'main': 'Rain', 'description': 'light rain', 'icon': '10d'}]",100,0.3,2.77,18.17,9.78,18.17,12.91,14.73,10.15,17.45,12.4,14.09,9.54,0.37,Day_4,,Uzès
44.0121,4.4197,Europe/Paris,7200,1650711600,1650689167,1650738891,1650677340,1650708840,0.75,1003,52,7.32,13.89,146,21.52,"[{'id': 500, 'main': 'Rain', 'description': 'light rain', 'icon': '10d'}]",93,0.96,0.45,17.4,8.99,17.4,8.99,12.39,13.26,16.55,6.57,11.77,12.94,10.48,Day_5,,Uzès
44.0121,4.4197,Europe/Paris,7200,1650798000,1650775473,1650825364,1650766200,1650799800,0.78,1013,44,6.33,4.45,298,9.23,"[{'id': 802, 'main': 'Clouds', 'description': 'scattered clouds', 'icon': '03d'}]",44,0.83,1.0,18.8,8.4,19.99,12.51,15.91,10.26,17.88,11.54,15.1,9.43,,Day_6,,Uzès
44.0121,4.4197,Europe/Paris,7200,1650884400,1650861780,1650911837,1650854520,1650890700,0.82,1012,42,7.24,6.56,189,6.94,"[{'id': 803, 'main': 'Clouds', 'description': 'broken clouds', 'icon': '04d'}]",69,0.0,1.0,20.62,9.64,20.62,11.23,15.31,11.0,19.83,10.47,14.44,10.11,,Day_7,,Uzès
